source_id,domain,title,url,accessed_utc,http_status,raw_sha256,text_words,clean_segments,licence_note
H1,legal,5199 sayılı Hayvanları Koruma Kanunu,https://www.mevzuat.gov.tr/anasayfa/MevzuatFihristDetayIframe?MevzuatTur=1&MevzuatNo=5199&MevzuatTertip=5,2026-10-06T20:23:43+00:00,200,2549e23549c09354cb51aad0210a87f6b37a26d5587842ccfe2acb9d6dce08cc,5987,,Legislation text; outside copyright under FSEK art. 31
H2,legal,2918 sayılı Karayolları Trafik Kanunu,https://www.mevzuat.gov.tr/anasayfa/MevzuatFihristDetayIframe?MevzuatTur=1&MevzuatNo=2918&MevzuatTertip=5,2026-10-06T20:23:44+00:00,200,2e7cac3229e00099e581314d2060d79051b0a34b9fa9b5de4fbd99c3ac29c751,1703,"<start> -> 
BİRİNCİ KISIM ; 
BEŞİNCİ KISIM -> 
ALTINCI KISIM ; Ceza puanı uygulaması, puanlama -> 
ONUNCU KISIM",Legislation text; outside copyright under FSEK art. 31
H3,legal,634 sayılı Kat Mülkiyeti Kanunu,https://www.mevzuat.gov.tr/anasayfa/MevzuatFihristDetayIframe?MevzuatTur=1&MevzuatNo=634&MevzuatTertip=5,2026-10-06T20:23:45+00:00,200,aba0947d4001fe4c625f5bc0beb64c4394ca2c8f0825882d21be9798add6e9c3,10976,,Legislation text; outside copyright under FSEK art. 31
H4,legal,5326 sayılı Kabahatler Kanunu,https://www.mevzuat.gov.tr/anasayfa/MevzuatFihristDetayIframe?MevzuatTur=1&MevzuatNo=5326&MevzuatTertip=5,2026-10-06T20:23:45+00:00,200,c338a0e37f327ae1d24e46ec95f1fdc980b128de685937ce230d2301aa546f51,5477,,Legislation text; outside copyright under FSEK art. 31
H5,legal,6098 sayılı Türk Borçlar Kanunu,https://www.mevzuat.gov.tr/anasayfa/MevzuatFihristDetayIframe?MevzuatTur=1&MevzuatNo=6098&MevzuatTertip=5,2026-10-06T20:23:46+00:00,200,258a64c2112a05924f77379a138add4e449af6574e2dceffc716e5439429b79b,2315,"<start> -> 
BİRİNCİ KISIM ; Kefalet Sözleşmesi -> 
ONALTINCI BÖLÜM",Legislation text; outside copyright under FSEK art. 31
F1,finance,DASK Sıkça Sorulan Sorular,https://www.dask.gov.tr/tr/sikca-sorulan-sorular,2026-10-06T20:23:46+00:00,200,8b8cd1a1d5b20a9438bf116d203bc623870b74a8d6b2c2ac34555381b995bf3f,1715,DASK Nedir? -> Lorem ipsum dolor.,Public government web page; reused for non-commercial research with attribution
F2a,finance,TMSF Mevduat Sigortacılığı SSS,https://www.tmsf.org.tr/tr/Tmsf/Finansman/mevduat.sss.guncel,2026-10-06T20:23:47+00:00,200,3d73568ea878ac54e899a56de9564dc0d8ae28520136ef0bc16e3a79996ac464,2462,Mevduat Sigortacılığı Hakkında Sıkça Sorulan Sorular -> <end>,Public government web page; reused for non-commercial research with attribution
F3,finance,SPK Kitle Fonlaması Tebliği (III-35/A.2),https://www.mevzuat.gov.tr/anasayfa/MevzuatFihristDetayIframe?MevzuatTur=9&MevzuatNo=39017&MevzuatTertip=5,2026-10-06T20:23:48+00:00,200,a41f2de098fa04b43dca9a0b52bbc358a5c97c456965041ac2528efcafd65101,10512,,Legislation text; outside copyright under FSEK art. 31
F4,finance,Findeks Sıkça Sorulan Sorular,https://www.findeks.com/sikca-sorulan-sorular,2026-10-06T20:23:49+00:00,200,0448aa82d80421cbc8f62adeb15c41e7cae942ca1125480198a555613d169f0e,4494,Findeks'e nasıl üye olurum? -> Aradığınız bilgiye ulaşamadıysanız,Public institutional web page; reused for non-commercial research with attribution
F5,finance,Finansal Tüketicilerden Alınacak Ücretlere İlişkin Usul ve Esaslar Hakkında Tebliğ (2020/7),https://www.mevzuat.gov.tr/anasayfa/MevzuatFihristDetayIframe?MevzuatTur=9&MevzuatNo=34343&MevzuatTertip=5,2026-10-06T20:23:49+00:00,200,5df990b2eca434ca61fb15e4ec62fdb40862a553d898d06a59f7cafc5cf2bfdb,2850,,Legislation text; outside copyright under FSEK art. 31
T1a,medical,Kırım Kongo Kanamalı Ateşi / Uyarı ve Önlemler,https://www.saglik.gov.tr/TR-55309/kirim-kongo-kanamali-atesi--uyari-ve-onlemler.html,2026-10-06T20:23:50+00:00,200,5d235cc3aad5d698b0f89ba49b6f0ce1c29f382b72d2d8b09e852be386d49735,317,,Public government web page; reused for non-commercial research with attribution
T1b,medical,HSGM Kırım Kongo Kanamalı Ateşi (KKKA),https://hsgm.saglik.gov.tr/tr/zoonotik-ve-vektorel-hastaliklar/kkka.html,2026-10-06T20:23:50+00:00,200,e011cfe73c9d79578cd5548133484978849da64b2a4ac740a4ae0c38e15ad539,713,,Public government web page; reused for non-commercial research with attribution
T2,medical,Aşırı Sıcaklardan Korunma,https://www.saglik.gov.tr/TR-61703/asiri-sicaklardan-korunma.html,2026-10-06T20:23:51+00:00,200,5a99e85beef14396973b40f0e8d07faf84dfce62a82b47fd0e202608cc7898ac,524,,Public government web page; reused for non-commercial research with attribution
T3,medical,Fibromiyalji,https://bursailkercelikcanftr.saglik.gov.tr/TR-527700/fibromiyalji.html,2026-10-06T20:23:53+00:00,200,a75b951a06b3b3b262e2e6e953bdc655a8e8797519ce8231e395c9f2e9a65717,1035,,Public government web page; reused for non-commercial research with attribution
T4,medical,Varis Nedir?,"https://kosuyolueah.saglik.gov.tr/TR,493489/varis-nedir.html",2026-10-06T20:23:54+00:00,200,ac1e1708574faa8deddc4a2c89bfe6fa5937efafab8e67de6c9a814209b3abe4,948,,Public government web page; reused for non-commercial research with attribution
T5,medical,Sedef Hastalığı İle İlgili Merak Ettikleriniz,https://bucadh.saglik.gov.tr/TR-639776/doc-dr-fatma-asli-hapa-sedef-hastaligi-ile-ilgili-merak-ettikleriniz.html,2026-10-06T20:23:56+00:00,200,748c88a42005ae29a992a23d8c9ccab7bb5fbc7607c24e419e99c1a1d1f8a8a2,1076,,Public government web page; reused for non-commercial research with attribution
