example_id,context_id,domain,gold_label,n_atoms,atomization_status,comparison_bucket,claim,K2-ATOM-ASSISTED-ZS-PILOT-v1.1__mdeberta_base_2mil7__pred_label,K2-ATOM-ASSISTED-ZS-PILOT-v1.1__mdeberta_base_2mil7__is_correct,K2-ATOM-ASSISTED-ZS-PILOT-v1.1__xlmr_large_xnli__pred_label,K2-ATOM-ASSISTED-ZS-PILOT-v1.1__xlmr_large_xnli__is_correct
finance_test_0036,finance_context_023,finance,supported,3,assistant_draft_high,all_correct,"Ödemeler dengesi bilançosunda cari işlemler hesabının bileşenleri arasında dış ticaret, hizmetler hesabı ve transferler bulunur.",supported,True,supported,True
finance_test_0041,finance_context_013,finance,contradicted,2,assistant_draft_high,all_correct,Sübvansiyonlar tüketicileri korumak veya ihracatı özendirmek için kullanılmaz.,contradicted,True,contradicted,True
finance_test_0045,finance_context_025,finance,unverifiable,1,assistant_draft_high,all_wrong,TÜFE'de karşılaştırılacak dönemlerin seçiminde hane gelirleri esas alınır.,contradicted,False,supported,False
finance_test_0046,finance_context_040,finance,unverifiable,1,assistant_draft_high,only_XLM-R-large XNLI_correct,Enflasyon nedeniyle hükûmetler otomatik olarak görevden alınır.,contradicted,False,unverifiable,True
finance_test_0055,finance_context_024,finance,supported,2,assistant_draft_high,all_correct,Merkez bankalarının temel amacı para biriminin ve para arzının istikrarının sürdürülmesidir.,supported,True,supported,True
finance_test_0057,finance_context_032,finance,supported,1,assistant_draft_high,all_correct,Borç ilişkisi borçlu ve alacaklı olmak üzere iki taraf arasında oluşur.,supported,True,supported,True
finance_test_0064,finance_context_030,finance,contradicted,1,assistant_draft_high,all_correct,Keynes kriz dönemlerinde denk bütçe uygulanmasını önermiştir.,contradicted,True,contradicted,True
finance_test_0065,finance_context_038,finance,partially_supported,2,assistant_draft_high,only_mDeBERTa-v3-base 2mil7_correct,Talep ve maliyet enflasyonu farklı nedenlidir. Maliyet enflasyonu enerji fiyatları düştüğünde oluşur.,partially_supported,True,unverifiable,False
finance_test_0069,finance_context_024,finance,partially_supported,2,assistant_draft_high,all_correct,Merkez bankası para arzı istikrarını gözetir. Bütün kredi kararlarını onaylar.,partially_supported,True,partially_supported,True
finance_test_0084,finance_context_002,finance,unverifiable,1,assistant_draft_high,all_correct,ELÜS yatırımcılarının ürün fiyatı düşüşünden doğan zararları kamu tarafından otomatik olarak karşılanır.,unverifiable,True,unverifiable,True
finance_test_0094,finance_context_015,finance,contradicted,1,assistant_draft_high,all_correct,"Para, devletler tarafından üretilir.",contradicted,True,contradicted,True
finance_test_0095,finance_context_006,finance,contradicted,1,assistant_draft_high,only_XLM-R-large XNLI_correct,"İhracatçı ülke, karşı ülkenin ithalat engellerine karşılık vermez.",unverifiable,False,contradicted,True
finance_test_0096,finance_context_039,finance,supported,4,assistant_draft_high,all_correct,"Merkezi karşı taraf, her alıcıya karşı satıcı ve her satıcıya karşı alıcı konumuna geçerek takası garanti eder ve karşı taraf riskini merkezileştirir.",supported,True,supported,True
finance_test_0110,finance_context_001,finance,supported,2,assistant_draft_high,only_mDeBERTa-v3-base 2mil7_correct,"Ilımlı enflasyon, ekonomileri hem olumlu hem de olumsuz yönde etkiler.",supported,True,unverifiable,False
finance_test_0112,finance_context_022,finance,contradicted,2,assistant_draft_high,only_XLM-R-large XNLI_correct,Sermaye piyasasında derecelendirme yalnız şirketlerin satış büyümesini ölçer ve Kurulca yetkilendirme gerektirmez.,partially_supported,False,contradicted,True
finance_test_0120,finance_context_016,finance,unverifiable,1,assistant_draft_high,all_wrong,Reel sektör etkisinin bankacılık sektörüne yansıma süresi büyüme hedefinin gerçekleşmesine bağlıdır.,supported,False,supported,False
finance_test_0129,finance_context_034,finance,partially_supported,3,assistant_draft_high,all_correct,Yatırım fonları çeşitlendirme ve profesyonel yönetim sağlar. Ücretleri doğrudan yatırımdan düşüktür.,partially_supported,True,partially_supported,True
finance_test_0136,finance_context_003,finance,unverifiable,1,assistant_draft_high,all_correct,"Para politikasının yönü, bütçe açığına göre her üç yılda bir otomatik olarak değiştirilir.",unverifiable,True,unverifiable,True
finance_test_0147,finance_context_040,finance,partially_supported,3,assistant_draft_high,all_wrong,Enflasyon sabit gelirlileri ve alacaklıları olumsuz etkiler. Borçluların yükünü artırır.,supported,False,unverifiable,False
finance_test_0149,finance_context_035,finance,supported,4,needs_review,all_correct,"Kredi, bir tarafın diğer tarafa para veya kaynak sağlamasına izin veren ve ikinci tarafın birinci tarafa hemen geri ödeme yapmadığı borç ve güvendir.",supported,True,supported,True
finance_test_0151,finance_context_015,finance,supported,1,assistant_draft_high,only_mDeBERTa-v3-base 2mil7_correct,"Para, bankalar tarafından müşterilerin borçlanmasıyla üretilir.",supported,True,unverifiable,False
finance_test_0152,finance_context_011,finance,unverifiable,1,assistant_draft_high,all_correct,Toplam gelir hesaplamasında tüketim göstergesine en yüksek ağırlık verilir.,unverifiable,True,unverifiable,True
finance_test_0158,finance_context_003,finance,contradicted,2,approved,all_wrong,"Daraltıcı para politikası, ekonomideki toplam para arzının azaltılmasıyla birlikte enflasyon oranını yükseltmektedir.",partially_supported,False,partially_supported,False
finance_test_0162,finance_context_003,finance,supported,1,assistant_draft_high,all_correct,"Genişletici para politikası, ekonomideki durgunluk dönemlerinde ortaya çıkan işsizliği yenmek amacıyla uygulanır.",supported,True,supported,True
finance_test_0165,finance_context_001,finance,partially_supported,2,approved,only_mDeBERTa-v3-base 2mil7_correct,Ilımlı enflasyon işsizliği azaltabilir. Tasarrufları da artırır.,partially_supported,True,unverifiable,False
finance_test_0167,finance_context_029,finance,unverifiable,1,approved,all_wrong,"Eşzamanlı olmayan arbitraj işlemlerindeki risk, fiyat farkından elde edilen kârdan yüksektir.",supported,False,contradicted,False
finance_test_0168,finance_context_020,finance,contradicted,1,assistant_draft_high,all_correct,"Bir şirketin hisselerinin tamamı, o şirketin sermayesini temsil etmez.",contradicted,True,contradicted,True
finance_test_0171,finance_context_016,finance,partially_supported,2,assistant_draft_high,all_correct,Maliye politikası tam istihdamı hedefler. Kararları özel bankalar alır.,partially_supported,True,partially_supported,True
finance_test_0179,finance_context_009,finance,partially_supported,3,assistant_draft_high,all_correct,Mikroekonomi tüketici ve firmaları inceler. Millî geliri temel analiz birimi sayar.,partially_supported,True,partially_supported,True
finance_test_0188,finance_context_020,finance,unverifiable,1,assistant_draft_high,only_mDeBERTa-v3-base 2mil7_correct,"Hisse sahipliği, noter tarafından verilen bir ruhsatla kazanılır.",unverifiable,True,supported,False
finance_test_0192,finance_context_018,finance,unverifiable,1,assistant_draft_high,all_correct,"Kambiyo senetlerinin geçerliliği, senetlerin üzerinde yazılı olan özel bir şifre sayesinde sağlanmaktadır.",unverifiable,True,unverifiable,True
finance_test_0199,finance_context_005,finance,partially_supported,2,assistant_draft_high,all_correct,Nominal kur iki para arasındaki fiyatı gösterir. Değişimi doğrudan ekonomik büyümeyle belirlenir.,partially_supported,True,partially_supported,True
finance_test_0200,finance_context_037,finance,contradicted,1,assistant_draft_high,all_correct,İspanyol altın ve gümüş akışının fiyat devrimiyle ilişkisi yoktur.,contradicted,True,contradicted,True
finance_v2b1_example_001_contradicted,finance_v2b1_context_001,finance,contradicted,2,assistant_draft_high,only_mDeBERTa-v3-base 2mil7_correct,Portföy saklayıcısı fon varlıklarını kendi aktiflerinde gösterebilir. Varlıkları kuruluşa ait ayrı hesaplarda izlemek zorunda değildir.,contradicted,True,partially_supported,False
finance_v2b1_example_002_partially_supported,finance_v2b1_context_002,finance,partially_supported,3,assistant_draft_high,all_correct,İhraççı proje seçimini ve fon kullanımını bir çerçeve belgesinde açıklar. Fon kullanımına ilişkin rapor yalnız ihraçtan önce bir kez yayımlanır.,partially_supported,True,partially_supported,True
finance_v2b1_example_002_unverifiable,finance_v2b1_context_002,finance,unverifiable,2,assistant_draft_high,all_correct,Yeşil tahvil alan bireysel yatırımcılara gelir vergisi indirimi uygulanır. Bu avantajdan yararlanmak için ayrıca başvuru yapılması gerekmez.,unverifiable,True,unverifiable,True
finance_v2b1_example_003_supported,finance_v2b1_context_003,finance,supported,4,assistant_draft_high,all_correct,Yeni sürüm kart bilgileri ve hareketlerine ilişkin özellikler ekler. Ayrıca ileri tarihli ve düzenli ödeme emirlerinin başlatılmasını destekler.,supported,True,supported,True
finance_v2b2_example_001_contradicted,finance_v2b2_context_001,finance,contradicted,4,assistant_draft_high,all_correct,Uygunluk ve yerindelik testleri ancak yatırım hizmeti tamamlandıktan sonra yapılır. Her iki test yalnız profesyonel müşterilere uygulanır.,contradicted,True,contradicted,True
finance_v2b2_example_003_contradicted,finance_v2b2_context_003,finance,contradicted,2,assistant_draft_high,only_mDeBERTa-v3-base 2mil7_correct,İşverenin çalışanı sisteme dâhil etmesi isteğe bağlıdır ve katkı payı bütün çalışanlar için kazancın yüzde onu olarak kesilir.,contradicted,True,partially_supported,False
finance_v2b2_example_004_contradicted,finance_v2b2_context_004,finance,contradicted,2,assistant_draft_high,all_correct,Elektronik para kuruluşları elektronik para ihraç edemez ve faaliyet gösterebilmek için yalnız ticaret siciline kaydolmaları yeterlidir.,contradicted,True,contradicted,True
finance_v2b2_example_004_partially_supported,finance_v2b2_context_004,finance,partially_supported,2,assistant_draft_high,all_correct,Elektronik para kuruluşları elektronik para ihraç edebilir. Faaliyet izni alan her kuruluş bütün ödeme hizmetlerini sınırsız biçimde sunabilir.,partially_supported,True,partially_supported,True
finance_v2b3_example_001_supported,finance_v2b3_context_001,finance,supported,3,assistant_draft_high,all_wrong,Devre kesici ilgili sırayı tek fiyat emir toplamaya geçirir. Eşleşme sonrası işlemler yeniden başlar. BIST 100 yüzde altı düştüğünde endeks sistemi çalışır.,partially_supported,False,partially_supported,False
finance_v2b3_example_002_contradicted,finance_v2b3_context_002,finance,contradicted,4,assistant_draft_high,only_mDeBERTa-v3-base 2mil7_correct,"Gerçeğe uygun bir açıklama, menfaat sağlanmasa ve yatırımcı kararlarını etkileme amacı bulunmasa bile bilgi bazlı piyasa dolandırıcılığı sayılır. Fiilin amacı ve sağlanan menfaat değerlendirmede dikkate alınmaz.",contradicted,True,partially_supported,False
finance_v2b3_example_002_unverifiable,finance_v2b3_context_002,finance,unverifiable,2,assistant_draft_high,only_XLM-R-large XNLI_correct,SPK menfaat tutarını yalnız banka hareketlerinden hesaplar. İnceleme raporu tamamlandıktan sonra şirket tarafından kamuya açıklanır.,contradicted,False,unverifiable,True
finance_v2b3_example_004_partially_supported,finance_v2b3_context_004,finance,partially_supported,2,assistant_draft_high,all_correct,Yatırım kuruluşunun yatırımcıya ait sermaye piyasası aracını teslim etmemesi tazmin kapsamına girebilir. Piyasadaki fiyat düşüşünden doğan zararlar da YTM tarafından ödenir.,partially_supported,True,partially_supported,True
finance_v2b3_example_005_supported,finance_v2b3_context_005,finance,supported,3,assistant_draft_high,all_correct,"Fonun tüzel kişiliği yoktur, payları nitelikli yatırımcılara yöneliktir ve değerinin en az yüzde sekseni gayrimenkul yatırımlarından oluşur.",supported,True,supported,True
finance_v2b4_example_001_partially_supported,finance_v2b4_context_001,finance,partially_supported,3,assistant_draft_high,all_correct,Fonun alacakları toplam değere eklenir ve borçları düşülür. Katılma payı sahibi fon yönetiminde oy kullanabilir.,partially_supported,True,partially_supported,True
finance_v2b4_example_004_contradicted,finance_v2b4_context_004,finance,contradicted,2,assistant_draft_high,all_wrong,Yatırım danışmanlığında müşteri nakdini danışmana teslim eder ve portföydeki bütün işlemleri danışman tek başına yürütür.,partially_supported,False,partially_supported,False
finance_v2b4_example_005_supported,finance_v2b4_context_005,finance,supported,4,approved,all_correct,"2020/7 sayılı Tebliğ, faiz veya kâr payı dışındaki ücret, komisyon ve masraf türleri ile uygulanma esaslarını düzenler.",supported,True,supported,True
finance_v2b5_example_001_partially_supported,finance_v2b5_context_001,finance,partially_supported,3,assistant_draft_high,all_correct,Yatırımcı blokaj talimatını e-YATIRIMCI üzerinden verebilir. Para piyasası fonları da diğer menkul kıymet sınıflarıyla birlikte blokaja alınabilir.,partially_supported,True,partially_supported,True
finance_v2b5_example_001_unverifiable,finance_v2b5_context_001,finance,unverifiable,2,assistant_draft_high,only_mDeBERTa-v3-base 2mil7_correct,Yatırımcı blokajı otuz gün sonunda kendiliğinden sona erer. Blokaj işlemi başına hesaptan yirmi beş lira hizmet bedeli kesilir.,unverifiable,True,contradicted,False
finance_v2b5_example_003_supported,finance_v2b5_context_003,finance,supported,3,approved,all_correct,"Teminat, sözleşmeler ayrı ayrı değerlendirilmeden portföyün toplam riski üzerinden hesaplanır. Kullanılabilir teminat negatife düştüğünde yeni emirler mevcut pozisyonu azaltacak yönde olmalıdır.",supported,True,supported,True
finance_v2b6_example_001_supported,finance_v2b6_context_001,finance,supported,4,assistant_draft_high,all_correct,"Katılımcı üç yılda devlet katkısının yüzde on beşine, altı yılda yüzde otuz beşine, on yılda yüzde altmışına ve emeklilikte tamamına hak kazanabilir.",supported,True,supported,True
finance_v2b6_example_001_unverifiable,finance_v2b6_context_001,finance,unverifiable,2,assistant_draft_high,only_mDeBERTa-v3-base 2mil7_correct,Devlet katkısı alt hesabındaki birikim katılımcının seçtiği banka mevduatına yönlendirilir ve hesap sahibi fon dağılımını günlük olarak değiştirebilir.,unverifiable,True,partially_supported,False
finance_v2b6_example_002_supported,finance_v2b6_context_002,finance,supported,2,assistant_draft_high,all_correct,Borsa yatırım fonunun portföyünün en az yüzde sekseni izlenen endeks kapsamındaki varlıklardan oluşturulur ve katılma payları ikincil piyasada Borsa İstanbul'da alınıp satılabilir.,supported,True,supported,True
finance_v2b6_example_004_partially_supported,finance_v2b6_context_004,finance,partially_supported,3,assistant_draft_high,only_XLM-R-large XNLI_correct,Rapor e-Devlet üzerinden talep edilebilir ve protestolu senet bilgilerini gösterebilir. Kullanıcılar aynı gün sınırsız sayıda ücretsiz rapor oluşturabilir.,supported,False,partially_supported,True
finance_v2b6_example_004_unverifiable,finance_v2b6_context_004,finance,unverifiable,1,assistant_draft_high,all_correct,Risk Merkezi raporunda kişinin gelecekte hangi sektörlerde iş bulabileceğine ilişkin finansal davranış tahmini yer alır.,unverifiable,True,unverifiable,True
finance_v2b7_example_001_unverifiable,finance_v2b7_context_001,finance,unverifiable,2,assistant_draft_high,only_XLM-R-large XNLI_correct,Talep tutarı alıcının hesabında bloke tutulur. Blokaj ödeme tamamlanınca kaldırılır.,contradicted,False,unverifiable,True
finance_v2b7_example_002_partially_supported,finance_v2b7_context_002,finance,partially_supported,2,assistant_draft_high,all_correct,Karşılanmayan emirler iptal edilebilir. Borsa İstanbul'da işlem gören payların tamamı ek karar aranmadan repo pazarına alınır.,partially_supported,True,partially_supported,True
finance_v2b7_example_004_unverifiable,finance_v2b7_context_004,finance,unverifiable,1,assistant_draft_high,all_correct,"Firmanın çalışan sayısı, reeskont kredi limitine uygulanan katsayılardan biridir.",unverifiable,True,unverifiable,True
finance_v2b7_example_005_partially_supported,finance_v2b7_context_005,finance,partially_supported,3,assistant_draft_high,all_correct,Mevduat ve katılım fonları 950.000 TL'ye kadar sigortalanır. Limit kişinin farklı bankalardaki hesapları için ortak bir toplam olarak uygulanır.,partially_supported,True,partially_supported,True
finance_v2b8_example_001_unverifiable,finance_v2b8_context_001,finance,unverifiable,1,assistant_draft_high,all_correct,e-GKS üzerinden oy kullanan yatırımcının temettüsü toplantı bittikten sonra yirmi dört saat içinde otomatik olarak hesabına aktarılır.,unverifiable,True,unverifiable,True
finance_v2b8_example_002_partially_supported,finance_v2b8_context_002,finance,partially_supported,2,assistant_draft_high,all_correct,e-YKS’de kararlar elektronik ortamda saklanabilir. Hizmetten yalnız payları borsada işlem gören anonim şirketler yararlanabilir.,partially_supported,True,partially_supported,True
finance_v2b8_example_002_supported,finance_v2b8_context_002,finance,supported,3,assistant_draft_high,only_mDeBERTa-v3-base 2mil7_correct,"e-YKS toplantı belgelerinin paylaşılmasını, üyelerin elektronik oy kullanmasını ve yönetim kurulu kararlarının elektronik ortamda saklanmasını destekler.",supported,True,partially_supported,False
finance_v2b8_example_003_contradicted,finance_v2b8_context_003,finance,contradicted,2,assistant_revised_high,all_correct,İleri valörlü fonlar işlem günü bütün platformlarda anında alınır. Fon alımına kadar herhangi bir bekleme veya geçiş süreci bulunmaz.,contradicted,True,contradicted,True
finance_v2b8_example_005_contradicted,finance_v2b8_context_005,finance,contradicted,3,assistant_draft_high,only_XLM-R-large XNLI_correct,Ödünç işlemleri T+2 valörle yapılır ve beş yüz gramlık miktarlar kabul edilir. Gerçekleşmeyen emirler sonraki seansa taşınır.,supported,False,contradicted,True
finance_v2b8_example_005_supported,finance_v2b8_context_005,finance,supported,3,assistant_draft_high,all_correct,Piyasada alt işlem miktarı beş kilogramdır ve emirler bir kilogramın katlarıyla artırılır. İşlemler aynı gün valörlüdür.,supported,True,supported,True
legal_test_0015,legal_context_001,legal,contradicted,1,approved,only_mDeBERTa-v3-base 2mil7_correct,Haksız fiilin varlığı için hukuka aykırılık unsuru şart değildir.,contradicted,True,supported,False
legal_test_0019,legal_context_010,legal,unverifiable,1,assistant_draft_medium,all_correct,Aynı meslek grubu ve kurumda bulunmak taraflar arasındaki sözleşmenin geçerlilik koşuludur.,unverifiable,True,unverifiable,True
legal_test_0022,legal_context_027,legal,unverifiable,1,assistant_draft_high,all_correct,Deniz ticareti davaları deniz özel hukuku dosyalarının yarısından fazlasını oluşturur.,unverifiable,True,unverifiable,True
legal_test_0029,legal_context_008,legal,contradicted,2,assistant_draft_high,all_wrong,Türk Ceza Kanunu'na göre 12 yaşını doldurmamış çocuklar hakkında kovuşturma yapılması ve ceza verilmesi mümkündür.,partially_supported,False,supported,False
legal_test_0030,legal_context_030,legal,unverifiable,1,assistant_draft_high,all_correct,Medeni hukuk Cermen halkları tarafından 12. yüzyılın sonlarında geliştirilmiştir.,unverifiable,True,unverifiable,True
legal_test_0035,legal_context_007,legal,partially_supported,3,approved,all_correct,İnsan hakları bireye bağımsız seçim yapma ve yeteneklerini geliştirme özgürlüğü verir. Özgürlüklerin kullanımında kişiye sorumluluk yüklenmez.,partially_supported,True,partially_supported,True
legal_test_0042,legal_context_v2_021_etebligat,legal,supported,5,assistant_draft_high,all_correct,"UETS. Gönderici ve alıcı teyidini, içeriğin değişmediğini ve gönderim ile alım zamanlarını güvenli kayıtlarla doğrular.",supported,True,supported,True
legal_test_0043,legal_context_010,legal,supported,4,assistant_draft_medium,only_mDeBERTa-v3-base 2mil7_correct,Sözleşmelerin geçerli olabilmesi için tarafların irade beyanlarının karşılıklı ve birbiriyle uyum içinde olması ve tarafların özgür iradeleriyle ve bilinçli olarak yapmış olmaları gereklidir.,supported,True,unverifiable,False
legal_test_0069,legal_context_009,legal,contradicted,1,assistant_draft_high,all_correct,Şüpheli ve sanık terimleri hukuken eş anlamlıdır.,contradicted,True,contradicted,True
legal_test_0071,legal_context_016,legal,contradicted,2,assistant_draft_medium,all_correct,"Patent Yasalarının amacı, buluş yapmayı ve yenilikleri teşvik etmek için gerekli olan korumayı azaltmaktır.",contradicted,True,contradicted,True
legal_test_0074,legal_context_033,legal,partially_supported,3,assistant_draft_high,all_correct,"Mahkemeler ortak hukuk ve medeni hukuk sistemlerinde merkezi araçlardır, ancak yalnız askerî uyuşmazlıkları karara bağlar.",partially_supported,True,partially_supported,True
legal_test_0079,legal_context_v2_021_etebligat,legal,contradicted,1,assistant_draft_medium,only_XLM-R-large XNLI_correct,SMS ya da e-posta bilgilendirmesi alıcıya ulaşmazsa elektronik tebligat geçersiz olur.,supported,False,contradicted,True
legal_test_0091,legal_context_011,legal,unverifiable,1,assistant_draft_high,only_XLM-R-large XNLI_correct,Kamulaştırma bedelinde taşınmazın konumu belirleyici ölçüttür.,supported,False,unverifiable,True
legal_test_0093,legal_context_004,legal,partially_supported,3,assistant_draft_high,all_correct,Hukuk devleti vatandaşları keyfi uygulamalardan korur ve kamu gücünü hukuk düzenine bağlar. Bu yönetim anlayışı ekonomik eşitsizlikleri ortadan kaldırır.,partially_supported,True,partially_supported,True
legal_test_0099,legal_context_004,legal,contradicted,1,assistant_draft_high,all_correct,"Hukuk devleti, vatandaşları keyfi uygulamalardan korumak için yasalarla tanımlanmaz.",contradicted,True,contradicted,True
legal_test_0117,legal_context_030,legal,contradicted,2,approved,only_XLM-R-large XNLI_correct,Medeni hukukun uygulama alanı Britanya’dır. Kara Avrupası’nda uygulanmaz.,partially_supported,False,contradicted,True
legal_test_0122,legal_context_025,legal,unverifiable,2,approved,all_wrong,Zarar görenin mesleği ve kıdemi tazminat tarifesini belirleyen unsurlardır.,supported,False,contradicted,False
legal_test_0124,legal_context_003,legal,supported,1,approved,only_mDeBERTa-v3-base 2mil7_correct,Avukatların faaliyette bulunması için baroya kaydolmaları zorunludur.,supported,True,unverifiable,False
legal_test_0126,legal_context_024,legal,unverifiable,1,assistant_draft_high,only_mDeBERTa-v3-base 2mil7_correct,Anayasa hükümlerinin yürürlükte kalması yıllık ulusal halkoylamasına bağlıdır.,unverifiable,True,supported,False
legal_test_0132,legal_context_003,legal,contradicted,1,assistant_draft_high,all_correct,Avukatların çalışma alanı özel şirketlerle sınırlıdır.,contradicted,True,contradicted,True
legal_test_0137,legal_context_016,legal,supported,4,assistant_draft_high,only_XLM-R-large XNLI_correct,"Patent, buluş sahibine 3. kişilerin ürünü belirli süre üretmesini, kullanmasını, satmasını veya ithal etmesini engelleme hakkı verir.",unverifiable,False,supported,True
legal_test_0141,legal_context_017,legal,supported,1,assistant_draft_high,all_correct,Roma hukukunda hırsızlık suçunun medeni ve cezai yönleri birbirine karıştırılıyordu.,supported,True,supported,True
legal_test_0151,legal_context_015,legal,supported,2,assistant_draft_high,all_correct,Telif hakkı eser üretildiğinde kendiliğinden doğar. Doğması için tescil gerekli değildir.,supported,True,supported,True
legal_test_0162,legal_context_005,legal,contradicted,1,assistant_draft_high,only_mDeBERTa-v3-base 2mil7_correct,"Kamu ve özel hukuk ayrımı, mahkeme seçimini etkilemeyen teorik bir ayrımdır.",contradicted,True,unverifiable,False
legal_test_0166,legal_context_039,legal,partially_supported,3,assistant_draft_high,all_correct,Sosyal adalet sosyal mobiliteyle ilişkilidir ve bütün teorileri eşitliği savunmaz. Kozmopolitlikle arasında kavramsal bir fark yoktur.,partially_supported,True,partially_supported,True
legal_test_0173,legal_context_039,legal,unverifiable,2,assistant_draft_high,only_XLM-R-large XNLI_correct,Yaş grubu ve medeni durum sosyal adalet kuramlarındaki ayrıcalık dağıtımını belirler.,partially_supported,False,unverifiable,True
legal_test_0180,legal_context_024,legal,partially_supported,3,assistant_draft_high,only_mDeBERTa-v3-base 2mil7_correct,Anayasa devletin temel organlarını ve temel hakların sınırlarını belirler. Kanunların kabul tarihlerini de düzenler.,partially_supported,True,supported,False
legal_test_0181,legal_context_030,legal,supported,5,assistant_draft_medium,all_correct,"Medeni hukuk kişiler, aile, miras, eşya ve borçlar hukuku olmak üzere 5 dala ayrılır.",supported,True,supported,True
legal_test_0182,legal_context_017,legal,unverifiable,1,assistant_draft_high,all_correct,Yeniden canlanma dönemindeki hukuk metinlerinin üçte ikisi ceza hukukuna ilişkindir.,unverifiable,True,unverifiable,True
legal_test_0194,legal_context_033,legal,supported,2,assistant_draft_high,all_correct,Mahkemeler hem ortak hukuk hem de medeni hukuk sistemlerinde uyuşmazlıkların çözümü için merkezi araçlardır.,supported,True,supported,True
legal_test_0195,legal_context_003,legal,unverifiable,1,assistant_draft_high,all_correct,Avukatların görev yerleri 10 yıllık kıdem puanına göre merkezi kurulca belirlenir.,unverifiable,True,unverifiable,True
legal_test_0200,legal_context_007,legal,supported,2,assistant_draft_high,all_correct,"İnsan hakları, her bir bireye bağımsız seçim yapma ve yeteneklerini geliştirme özgürlüğü sağlar.",supported,True,supported,True
legal_v2b1_example_002_supported,legal_v2b1_context_002,legal,supported,2,assistant_draft_high,all_correct,KDK'ya başvurmadan önce ilgili idareye itiraz edilmesi gerekir ve aynı konu dava konusu olmuşsa Kurum başvuruyu incelemez.,supported,True,supported,True
legal_v2b1_example_003_contradicted,legal_v2b1_context_003,legal,contradicted,2,assistant_draft_high,all_correct,Çocukla görüşme hakkını kullanmak isteyen ebeveyn önce icra dairesine başvurmalı ve teslim işleminin bütün giderlerini kendisi ödemelidir.,contradicted,True,contradicted,True
legal_v2b1_example_003_unverifiable,legal_v2b1_context_003,legal,unverifiable,1,approved,all_correct,Çocuk görüşme merkezindeki görüşmelere bir pedagog ve bir sosyal hizmet uzmanı birlikte katılır.,unverifiable,True,unverifiable,True
legal_v2b1_example_005_partially_supported,legal_v2b1_context_005,legal,partially_supported,3,assistant_draft_high,only_mDeBERTa-v3-base 2mil7_correct,Cinsel suç veya aile içi şiddet mağdurlarının beyanı bu odalarda alınabilir. Mahkemedeki bütün duruşmaların Adli Görüşme Odasında yapılması zorunludur.,partially_supported,True,contradicted,False
legal_v2b2_example_002_unverifiable,legal_v2b2_context_002,legal,unverifiable,2,assistant_draft_high,all_correct,Tüketici hakem heyetleri bütün başvuruları on dört gün içinde sonuçlandırır ve kararlarına karşı hiçbir kanun yolu bulunmaz.,unverifiable,True,unverifiable,True
legal_v2b2_example_003_contradicted,legal_v2b2_context_003,legal,contradicted,3,assistant_draft_high,only_XLM-R-large XNLI_correct,Ekonomik ve psikolojik şiddet 6284 kapsamına girmez. Koruyucu tedbir isteyen kişi başvuru harcı ödemek zorundadır.,partially_supported,False,contradicted,True
legal_v2b2_example_003_supported,legal_v2b2_context_003,legal,supported,3,assistant_draft_medium,all_correct,"Şiddet mağduru, kolluk veya savcılığa başvurarak yaklaşmama ve iletişimle rahatsız etmeme gibi tedbirler talep edebilir. Bu işlemler ücretsizdir.",supported,True,supported,True
legal_v2b3_example_001_contradicted,legal_v2b3_context_001,legal,contradicted,4,assistant_draft_high,only_mDeBERTa-v3-base 2mil7_correct,Adli yardım yalnız dava açılmadan önce ve sadece Yargıtaydan talep edilebilir. İlk derece veya bölge adliye mahkemesi aşamasında başvuru yapılamaz.,contradicted,True,partially_supported,False
legal_v2b3_example_003_contradicted,legal_v2b3_context_003,legal,contradicted,4,assistant_draft_high,all_wrong,Tüketici cayarken mutlaka gerekçe göstermek ve ceza ödemek zorundadır. Satıcı bedeli ancak altmış gün sonra iade eder ve mal teslim edilmeden cayma hakkı kullanılamaz.,partially_supported,False,partially_supported,False
legal_v2b3_example_004_supported,legal_v2b3_context_004,legal,supported,2,assistant_draft_medium,all_correct,"İhlal en geç yetmiş iki saat içinde Kurula bildirilir. Etkilenen kişilere, iletişim bilgisine göre doğrudan veya internet sitesi üzerinden en kısa sürede ulaşılır.",supported,True,supported,True
legal_v2b3_example_005_partially_supported,legal_v2b3_context_005,legal,partially_supported,2,assistant_draft_high,all_correct,Belirli süreli abonelik ancak tüketicinin onayıyla uzatılabilir. Planlı kesintiyi hizmet sağlayıcının yalnız yirmi dört saat önce bildirmesi yeterlidir.,partially_supported,True,partially_supported,True
legal_v2b4_example_001_partially_supported,legal_v2b4_context_001,legal,partially_supported,2,assistant_draft_high,all_correct,Sicile kayıtla yükümlü veri sorumluları politika hazırlamalıdır. Belge yalnız kişisel verilerin yurt dışına aktarımını düzenler.,partially_supported,True,partially_supported,True
legal_v2b4_example_002_unverifiable,legal_v2b4_context_002,legal,unverifiable,2,assistant_draft_high,all_correct,Reklam Kurulu başvuruları yalnız çağrı merkezi üzerinden kabul eder. Her dosya incelemeden önce zorunlu arabuluculuğa gönderilir.,unverifiable,True,unverifiable,True
legal_v2b4_example_003_partially_supported,legal_v2b4_context_003,legal,partially_supported,3,assistant_draft_high,all_correct,Silme değerlendirmesinde suç tarihi ve cezanın infaz durumu dikkate alınır. Nihai kararı kişinin ikamet ettiği belediye verir.,partially_supported,True,partially_supported,True
legal_v2b4_example_004_unverifiable,legal_v2b4_context_004,legal,unverifiable,2,assistant_draft_high,all_correct,Bildirim dosyaları yalnız blokzincir tabanlı bir portal üzerinden Rekabet Kurumuna iletilir ve başka başvuru kanalı kullanılamaz.,unverifiable,True,unverifiable,True
legal_v2b4_example_005_unverifiable,legal_v2b4_context_005,legal,unverifiable,2,assistant_draft_high,all_correct,Güvenli ödeme hesabı satış tamamlandıktan sonra alıcı adına açılır. Hesap otomatik olarak vadeli hesaba dönüştürülür.,unverifiable,True,unverifiable,True
legal_v2b5_example_001_partially_supported,legal_v2b5_context_001,legal,partially_supported,2,assistant_draft_high,all_correct,Başvuru elektronik olarak UYAP Vatandaş Portalından takip edilebilir. 22 Aralık 2025’ten sonra aynı belge için fiziki başvuru seçeneği de kesintisiz sürer.,partially_supported,True,partially_supported,True
legal_v2b5_example_002_partially_supported,legal_v2b5_context_002,legal,partially_supported,2,assistant_draft_high,all_correct,4/A kapsamındaki kazayı işveren SGK’ye üç iş günü içinde bildirir. 4/B sigortalının kazasını da aynı işveren olay günü Kuruma iletir.,partially_supported,True,partially_supported,True
legal_v2b5_example_003_partially_supported,legal_v2b5_context_003,legal,partially_supported,2,assistant_draft_high,all_correct,Ankara Batıdaki artırmalar için elektronik satış uygulaması 15 Mart 2022’de başlamıştır. Aynı gün ülke genelindeki icra müdürlükleri zorunlu olarak bu sisteme geçmiştir.,partially_supported,True,partially_supported,True
legal_v2b5_example_003_supported,legal_v2b5_context_003,legal,supported,3,assistant_draft_high,all_correct,"Elektronik satış yönetmeliği ve gider tarifesi 8 Mart 2022’de yayımlanmış, Ankara Batı İcra Müdürlüğündeki uygulama 15 Mart 2022’de UYAP Elektronik Satış Portalı üzerinden başlamıştır.",supported,True,supported,True
legal_v2b5_example_003_unverifiable,legal_v2b5_context_003,legal,unverifiable,2,assistant_draft_high,only_XLM-R-large XNLI_correct,Elektronik artırmaya katılmak için mal değerinin yüzde onu kadar teminat yatırılır ve teklifler tam yedi gün boyunca kabul edilir.,contradicted,False,unverifiable,True
legal_v2b6_example_001_contradicted,legal_v2b6_context_001,legal,contradicted,2,assistant_draft_high,all_correct,"Kira uyuşmazlıklarının tamamı arabuluculuğa başvurulmadan doğrudan mahkemede açılır. Arabulucu, tarafların yerine bağlayıcı tahliye kararı verir.",contradicted,True,contradicted,True
legal_v2b6_example_001_unverifiable,legal_v2b6_context_001,legal,unverifiable,2,assistant_draft_high,all_correct,Arabuluculuk bürosu enerji sınıfı yüksek taşınmazlara ilişkin başvuruları uzman arabuluculara yönlendirir. Enerji belgesi olmayan taşınmazlar için teknik inceleme istenir.,unverifiable,True,unverifiable,True
legal_v2b6_example_002_partially_supported,legal_v2b6_context_002,legal,partially_supported,2,assistant_draft_high,all_correct,Standart sözleşmeler yurt dışına aktarımda güvence sağlayabilir. Açık rıza da aktarımın zorunlu ikinci koşuludur.,partially_supported,True,partially_supported,True
legal_v2b7_example_001_contradicted,legal_v2b7_context_001,legal,contradicted,3,approved,all_correct,Komisyon yalnız özel hukuk alacak davalarını inceler. Cumhuriyet başsavcılığı aracılığıyla başvuru yapılamaz ve kararları yargı denetimine kapalıdır.,contradicted,True,contradicted,True
legal_v2b7_example_002_partially_supported,legal_v2b7_context_002,legal,partially_supported,2,assistant_draft_high,only_mDeBERTa-v3-base 2mil7_correct,"Başvuru UYAP Vatandaş Portal üzerinden elektronik olarak yapılır, ancak aday aynı dönemde birden fazla bölge kurulunun listesine kayıt için başvurabilir.",partially_supported,True,supported,False
legal_v2b7_example_002_unverifiable,legal_v2b7_context_002,legal,unverifiable,2,assistant_draft_high,all_correct,Başvurudan sonra her aday bölge kurulu tarafından görüntülü mülakata alınır ve banka teminat mektubu sunar.,unverifiable,True,unverifiable,True
legal_v2b7_example_003_supported,legal_v2b7_context_003,legal,supported,1,assistant_draft_high,all_correct,"20 Aralık 2024'ten itibaren marka başvurularında kullanılan sınıflandırma listesi, Nis Anlaşması hükümlerine uygun olarak hazırlanmıştır.",supported,True,supported,True
legal_v2b8_example_001_partially_supported,legal_v2b8_context_001,legal,partially_supported,3,assistant_draft_high,all_correct,Başvuru mahkemeler ve yurt dışı temsilcilikleri aracılığıyla iletilebilir. Imzasız sıradan bir e-posta resmî başvuru formunun yerini alır.,partially_supported,True,partially_supported,True
legal_v2b8_example_003_contradicted,legal_v2b8_context_003,legal,contradicted,3,assistant_draft_high,all_correct,"HMGS’yi barolar düzenler, hukuk fakültesi mezunları sınava başvuramaz ve başarılı sayılmak için elli puan yeterlidir.",contradicted,True,contradicted,True
legal_v2b8_example_003_partially_supported,legal_v2b8_context_003,legal,partially_supported,2,assistant_draft_high,all_correct,Sınav ÖSYM tarafından uygulanır. Başvuru yalnız Adalet Bakanlığına elden dilekçe verilerek tamamlanabilir.,partially_supported,True,partially_supported,True
legal_v2b8_example_003_supported,legal_v2b8_context_003,legal,supported,3,assistant_draft_high,only_mDeBERTa-v3-base 2mil7_correct,Hukuk fakültesi mezunları ile gerekli denklik belgesini alan yabancı hukuk fakültesi mezunları HMGS’ye başvurabilir. Yüz üzerinden en az yetmiş puan alanlar başarılı sayılır.,supported,True,partially_supported,False
legal_v2b8_example_004_contradicted,legal_v2b8_context_004,legal,contradicted,2,assistant_draft_high,all_correct,Cumhuriyet savcısı şüpheliye herhangi bir teklif sunamaz ve avukat bulunmadan verilen sözlü kabul seri muhakeme için tek başına yeterlidir.,contradicted,True,contradicted,True
legal_v2b8_example_005_supported,legal_v2b8_context_005,legal,supported,3,assistant_draft_high,all_correct,Basit yargılama iddianamenin kabulünden sonra uygulanabilir. Adli para cezası veya üst sınırı iki yılı aşmayan hapis cezası gerektiren suçlar kapsama girebilir.,supported,True,supported,True
medical_test_0002,medical_context_019,medical,contradicted,1,assistant_draft_high,all_wrong,Bir grip türüne karşı oluşan bağışıklık ertesi yılki yeni salgına da koruma sağlar.,supported,False,unverifiable,False
medical_test_0010,medical_context_031,medical,unverifiable,1,approved,all_correct,KOAH'ta balgam üretimi mevsimsel alerjilere bağlıdır.,unverifiable,True,unverifiable,True
medical_test_0012,medical_context_010,medical,contradicted,1,assistant_draft_high,all_correct,Bel çevresi ölçümü yağ dağılımını değerlendirmede kullanılamaz.,contradicted,True,contradicted,True
medical_test_0014,medical_context_003,medical,supported,2,assistant_draft_medium,only_mDeBERTa-v3-base 2mil7_correct,"Malaria adı İtalyanca mala ve aria sözcüklerinden türetilmiş, hastalığın kötü havayla ilişkilendirildiği inanca dayanmıştır.",supported,True,unverifiable,False
medical_test_0040,medical_context_007,medical,supported,1,approved,all_wrong,"Lösemi, kan hücrelerinin özellikle de akyuvarların normalin üzerinde çoğalması ile kendini gösteren bir kanser türüdür.",unverifiable,False,unverifiable,False
medical_test_0043,medical_context_015,medical,partially_supported,3,assistant_draft_high,only_mDeBERTa-v3-base 2mil7_correct,Zatürre yılda yaklaşık 450 milyon kişiyi etkiler ve 4 milyon ölüme yol açar. Ölümler çoğunlukla yazın görülür.,partially_supported,True,unverifiable,False
medical_test_0045,medical_context_017,medical,contradicted,1,assistant_draft_medium,only_mDeBERTa-v3-base 2mil7_correct,Kabakulak hastalığının semptomları yetişkinlerde ve çocuklarda aynı şiddette seyreder.,contradicted,True,unverifiable,False
medical_test_0065,medical_context_037,medical,partially_supported,2,assistant_draft_high,all_wrong,Skolyozda cerrahi 40 derecelik eğrilikte veya hastalık ilerlediğinde tercih edilir.,contradicted,False,contradicted,False
medical_test_0077,medical_context_038,medical,contradicted,2,assistant_draft_high,all_correct,Tifo hastalığı genellikle temiz içme suları ve sağlıklı yiyeceklerle bulaşan bir hastalıktır.,contradicted,True,contradicted,True
medical_test_0089,medical_context_010,medical,unverifiable,1,assistant_draft_high,only_XLM-R-large XNLI_correct,"Bel çevresi ölçümünün tek başına kullanılması, dünya genelinde obezite oranlarının azalmasını sağlamıştır.",contradicted,False,unverifiable,True
medical_test_0090,medical_context_039,medical,unverifiable,1,assistant_draft_high,all_correct,Gastrit en sık viral enfeksiyonlar nedeniyle gelişir.,unverifiable,True,unverifiable,True
medical_test_0092,medical_context_004,medical,contradicted,1,assistant_draft_high,all_wrong,Böbrek taşı oluşumunda genetik faktörler koruyucu etki gösterir.,unverifiable,False,unverifiable,False
medical_test_0101,medical_context_007,medical,partially_supported,3,assistant_draft_high,only_mDeBERTa-v3-base 2mil7_correct,Lösemide trombosit ve işlevsel lökosit azalması kanama ve enfeksiyon riskini artırır. Bağışıklık yetmezliği kalıcıdır.,partially_supported,True,unverifiable,False
medical_test_0111,medical_context_002,medical,partially_supported,3,assistant_draft_high,all_correct,Katarakt ameliyatı antik Hindistan'da tanımlanmış ve farklı uygarlıkların hekimlerince geliştirilmiştir. Hepsi aynı aleti kullanmıştır.,partially_supported,True,partially_supported,True
medical_test_0112,medical_context_005,medical,supported,1,approved,only_mDeBERTa-v3-base 2mil7_correct,Ülseratif kolitin bilinen bir sebebi yoktur.,supported,True,unverifiable,False
medical_test_0129,medical_context_030,medical,unverifiable,1,assistant_draft_high,all_correct,Kolera hastalarında kan nakli yaygın bir uygulamadır.,unverifiable,True,unverifiable,True
medical_test_0133,medical_context_023,medical,contradicted,1,assistant_draft_high,only_XLM-R-large XNLI_correct,Artrit ileri yaşa özgü bir hastalıktır.,unverifiable,False,contradicted,True
medical_test_0139,medical_context_020,medical,partially_supported,3,assistant_draft_high,only_XLM-R-large XNLI_correct,Plak tipi sedef en yaygın formdur ve beş hastadan dördünde görülür. Özellikle çocuklarda ortaya çıkar.,supported,False,partially_supported,True
medical_test_0152,medical_context_028,medical,unverifiable,1,assistant_draft_high,all_correct,Doğumda edinilen hepatit B'de kronikleşme erkek bebeklerde daha erken başlar.,unverifiable,True,unverifiable,True
medical_test_0161,medical_context_032,medical,unverifiable,1,assistant_draft_high,all_correct,Diyaliz maliyetinin en büyük bölümünü kullanılan membran oluşturur.,unverifiable,True,unverifiable,True
medical_test_0170,medical_context_024,medical,supported,3,assistant_draft_medium,only_XLM-R-large XNLI_correct,"Tang hanedanlığı döneminde Çinli fizyologlar, domuz ve koyunun tiroid bezinden elde edilen zengin iyodin içeriğini kullanarak başarılı bir tedavi uygulamışlardır.",partially_supported,False,supported,True
medical_test_0175,medical_context_004,medical,partially_supported,3,assistant_draft_high,only_mDeBERTa-v3-base 2mil7_correct,Böbrek taşlarında genetik ve çevresel etkenler rol oynar. Taşlar yaz mevsiminde oluşur.,partially_supported,True,unverifiable,False
medical_test_0180,medical_context_027,medical,contradicted,2,assistant_draft_high,only_XLM-R-large XNLI_correct,Tümör oluşumu çevresel etkenlerden bağımsızdır ve genetik mutasyonlarla açıklanır.,partially_supported,False,contradicted,True
medical_test_0182,medical_context_019,medical,supported,3,assistant_draft_high,only_mDeBERTa-v3-base 2mil7_correct,"Grip virüsleri öncelikle solunum damlacıklarıyla, ayrıca kontamine yüzeyler ve ara nesneler yoluyla bulaşabilir.",supported,True,unverifiable,False
medical_test_0183,medical_context_014,medical,partially_supported,3,assistant_draft_high,only_mDeBERTa-v3-base 2mil7_correct,Migren aurasında kıvılcımlı skotom yaygındır ve görsel belirtiler vakaların çoğunda görülür. Belirtiler 15 dakikada biter.,partially_supported,True,unverifiable,False
medical_test_0184,medical_context_017,medical,partially_supported,2,assistant_draft_high,all_wrong,Kabakulakta kuluçka süresi 14-21 gündür. Yetişkinlerde bu süre daha uzundur.,supported,False,unverifiable,False
medical_test_0185,medical_context_011,medical,contradicted,3,assistant_draft_high,all_wrong,Osteoporoz yaşam tarzı ve hormon değişikliklerinden etkilenmez. Kalıtsal özelliklerle açıklanır.,partially_supported,False,partially_supported,False
medical_test_0189,medical_context_015,medical,supported,1,assistant_draft_high,only_mDeBERTa-v3-base 2mil7_correct,Zatürre (pnömoni) her yıl yaklaşık 450 milyon kişiyi etkiler.,supported,True,unverifiable,False
medical_test_0191,medical_context_008,medical,unverifiable,1,assistant_draft_high,all_correct,Diyabetik retinopatide göz takibi yılda bir yapılmalıdır.,unverifiable,True,unverifiable,True
medical_test_0192,medical_context_020,medical,contradicted,1,assistant_draft_high,all_correct,Sedef hastalığının en yaygın formu eritrodermik psöriazistir.,contradicted,True,contradicted,True
medical_test_0195,medical_context_008,medical,supported,1,assistant_draft_high,only_mDeBERTa-v3-base 2mil7_correct,"Diyabetik retinopati, 20 yıl veya daha uzun süredir diyabet hastası olanların yüzde 80'ini etkilemektedir.",supported,True,unverifiable,False
medical_v2b1_example_001_contradicted,medical_v2b1_context_001,medical,contradicted,2,assistant_draft_high,all_correct,Topuk kanı yalnız belirti gösteren bebeklerden alınır ve tarama hizmeti aile tarafından ücretli olarak karşılanır.,contradicted,True,contradicted,True
medical_v2b1_example_004_partially_supported,medical_v2b1_context_004,medical,partially_supported,4,assistant_draft_high,only_mDeBERTa-v3-base 2mil7_correct,"Yenidoğan işitme taraması kamu, özel ve üniversite sağlık kuruluşlarında uygulanabilir. Program yalnız Gaziantep ilinde yürütülür.",partially_supported,True,contradicted,False
medical_v2b1_example_004_supported,medical_v2b1_context_004,medical,supported,4,assistant_draft_high,only_mDeBERTa-v3-base 2mil7_correct,"Program, doğumdan sonraki ilk günlerde kamu, özel ve üniversite sağlık kuruluşlarında uygulanabilir. Altı aydan önce başlatılan müdahale dil gelişimini destekler.",supported,True,unverifiable,False
medical_v2b1_example_005_partially_supported,medical_v2b1_context_005,medical,partially_supported,3,approved,all_correct,Sıcak çarpmasında kişi serin bir ortama alınmalı ve sıkı giysileri gevşetilmeli. Bilinci kapalı olduğunda ise hemen su içirilmelidir.,partially_supported,True,partially_supported,True
medical_v2b2_example_002_supported,medical_v2b2_context_002,medical,supported,1,assistant_draft_high,only_XLM-R-large XNLI_correct,Toplum tabanlı serviks taramasında 30-65 yaş arasındaki kadınlara beş yılda bir HPV-DNA testi uygulanır.,contradicted,False,supported,True
medical_v2b2_example_002_unverifiable,medical_v2b2_context_002,medical,unverifiable,2,assistant_draft_high,all_correct,Pozitif tarama sonucu alan kişilere randevu tarihi üç iş günü içinde SMS ile bildirilir. İleri değerlendirme aynı ay içinde tamamlanır.,unverifiable,True,unverifiable,True
medical_v2b2_example_003_contradicted,medical_v2b2_context_003,medical,contradicted,2,assistant_draft_high,all_correct,Bireysel özellikler ilaç seçiminde dikkate alınmaz. İlaç etkileşimleri yalnız tedavi bittikten sonra değerlendirilir.,contradicted,True,contradicted,True
medical_v2b2_example_003_partially_supported,medical_v2b2_context_003,medical,partially_supported,3,assistant_draft_high,only_mDeBERTa-v3-base 2mil7_correct,"Tedavi planında hastanın alerjileri ve kullandığı diğer ilaçlar değerlendirilir, ancak maliyet hiçbir koşulda ilaç seçimine dâhil edilmez.",partially_supported,True,contradicted,False
medical_v2b2_example_004_supported,medical_v2b2_context_004,medical,supported,4,assistant_draft_high,all_wrong,"Kuduz, enfekte hayvanın ısırmasıyla veya salyasının açık yara ve mukozayla temasıyla bulaşabilir. Riskli temastan sonra gecikmeden sağlık kuruluşuna başvurulmalıdır.",partially_supported,False,partially_supported,False
medical_v2b2_example_005_partially_supported,medical_v2b2_context_005,medical,partially_supported,4,assistant_draft_high,all_correct,"Evde sağlık hizmeti muayene, tedavi ve rehabilitasyonu kapsar. Başvuran herkes herhangi bir değerlendirme yapılmadan doğrudan hizmete kabul edilir.",partially_supported,True,partially_supported,True
medical_v2b2_example_005_supported,medical_v2b2_context_005,medical,supported,2,assistant_draft_high,all_correct,Evde sağlık başvurusu 444 38 33 numaralı çağrı merkezine yapılır ve hizmete uygunluk ev ziyareti yapan ekip tarafından değerlendirilir.,supported,True,supported,True
medical_v2b3_example_001_contradicted,medical_v2b3_context_001,medical,contradicted,2,assistant_draft_high,all_correct,İnme çağrısında Komuta Kontrol Merkezi özel bir sevk koordinasyonu yapmaz. Ekip hastayı nörolojik değerlendirme gerçekleştirmeden en yakın hastaneye götürür.,contradicted,True,contradicted,True
medical_v2b3_example_003_unverifiable,medical_v2b3_context_003,medical,unverifiable,3,assistant_draft_high,all_correct,"114 hattı arayan kişiden mantarın fotoğrafını ister, türü uzaktan belirler ve kullanılacak panzehiri hastaneye bildirir.",unverifiable,True,unverifiable,True
medical_v2b3_example_004_supported,medical_v2b3_context_004,medical,supported,4,assistant_draft_high,only_mDeBERTa-v3-base 2mil7_correct,"Otuz dört gebelik haftası ve altında doğan ya da doğum ağırlığı 1700 gramın altında olan bebekler taranır. Ilk muayene dördüncü ile altıncı haftalar arasında, göz bebeği büyütülerek yapılır.",supported,True,partially_supported,False
medical_v2b3_example_004_unverifiable,medical_v2b3_context_004,medical,unverifiable,2,assistant_draft_high,all_correct,ROP muayenesinde retina görüntüleri ulusal veri tabanına yüklenir ve sonraki randevu merkezi yazılım tarafından belirlenir.,unverifiable,True,unverifiable,True
medical_v2b4_example_002_unverifiable,medical_v2b4_context_002,medical,unverifiable,2,assistant_draft_high,all_correct,Pozitif tarama sonucu alan kişilere evde uygulanabilen genetik doğrulama testi gönderilir ve sonuçlar ulusal tarama sistemine otomatik kaydedilir.,unverifiable,True,unverifiable,True
medical_v2b4_example_004_partially_supported,medical_v2b4_context_004,medical,partially_supported,2,assistant_draft_high,all_correct,Menopoz sonrası 65 yaş altındaki kadınlarda kırık riski varsa tarama düşünülebilir. Ailede kalça kırığı öyküsü değerlendirme kararında dikkate alınmaz.,partially_supported,True,partially_supported,True
medical_v2b5_example_001_partially_supported,medical_v2b5_context_001,medical,partially_supported,3,assistant_draft_high,only_mDeBERTa-v3-base 2mil7_correct,Kişinin ağzına cisim konulmamalı ve kasılmaları zorla durdurulmamalıdır. Nöbet sonrasında bilinci yerine gelmeden su içirilmesi önerilir.,partially_supported,True,contradicted,False
medical_v2b5_example_003_supported,medical_v2b5_context_003,medical,supported,3,assistant_draft_high,all_correct,ASİE sistemi aşıdan sonra ortaya çıkan şüpheli tıbbi olayların bildirimini toplar. Kamu ve özel sağlık kuruluşlarındaki sağlık personeli bu sisteme bildirim yapabilir.,supported,True,supported,True
medical_v2b5_example_005_supported,medical_v2b5_context_005,medical,supported,2,assistant_draft_high,all_correct,Plasenta hormonları gebeliğin ilerleyen döneminde insülin direncini artırabilir. Doğumdan 6-8 hafta sonra 75 gram glukoz testiyle yeniden değerlendirme yapılır.,supported,True,supported,True
medical_v2b6_example_001_contradicted,medical_v2b6_context_001,medical,contradicted,2,assistant_draft_high,all_wrong,Tüberküloz ilaç takibi hastanın haftalık yazılı beyanlarıyla tamamlanır ve sağlık çalışanı sisteme hasta hesabı üzerinden giriş yapar.,partially_supported,False,partially_supported,False
medical_v2b6_example_002_contradicted,medical_v2b6_context_002,medical,contradicted,2,assistant_draft_high,only_mDeBERTa-v3-base 2mil7_correct,Süt dişlerinin erken çekilmesi daimi dişler için yer açar. Yerinden çıkan daimi diş kuru bir peçetede saklanarak ertesi gün hekime götürülmelidir.,contradicted,True,partially_supported,False
medical_v2b6_example_004_partially_supported,medical_v2b6_context_004,medical,partially_supported,2,assistant_draft_high,only_mDeBERTa-v3-base 2mil7_correct,Kadınlarda iki tam kan bağışı arasında en az yüz yirmi gün olmalıdır. Düzenli ilaç kullanan herkes değerlendirme yapılmadan bağıştan kalıcı olarak çıkarılır.,partially_supported,True,contradicted,False
medical_v2b6_example_005_contradicted,medical_v2b6_context_005,medical,contradicted,2,assistant_draft_high,all_correct,Kök hücre adaylığı telefonla bildirilen kan grubuyla kesinleşir ve kişi eşleştiği hastaya doğrudan bağışçı olarak atanır.,contradicted,True,contradicted,True
medical_v2b7_example_002_partially_supported,medical_v2b7_context_002,medical,partially_supported,3,approved,all_correct,Demir desteği gebeliğin dördüncü ayında başlatılır ve günlük 40-60 mg elementer demir verilir. Destek doğumdan sonra altı ay devam eder.,partially_supported,True,partially_supported,True
medical_v2b7_example_002_unverifiable,medical_v2b7_context_002,medical,unverifiable,2,assistant_draft_high,all_correct,Program kapsamında her gebeye evde hemoglobin ölçüm cihazı verilir. Günlük ölçümler aile hekimine otomatik olarak iletilir.,unverifiable,True,unverifiable,True
medical_v2b7_example_003_unverifiable,medical_v2b7_context_003,medical,unverifiable,1,assistant_draft_high,all_correct,Grip aşısının koruyuculuk süresi kişiye özel antikor testiyle hesaplanır.,unverifiable,True,unverifiable,True
medical_v2b7_example_004_supported,medical_v2b7_context_004,medical,supported,3,assistant_draft_high,only_mDeBERTa-v3-base 2mil7_correct,Diyabetik retinopati belirti vermeden ilerleyebilir ve diyabet süresi uzadıkça risk artabilir. Bu nedenle düzenli retina değerlendirmesi önemlidir.,supported,True,unverifiable,False
medical_v2b7_example_004_unverifiable,medical_v2b7_context_004,medical,unverifiable,2,assistant_draft_high,only_XLM-R-large XNLI_correct,Ulusal tarama sistemi yüksek riskli hastaları belirler. Bu hastalar doğrudan lazer tedavisine yönlendirilir.,partially_supported,False,unverifiable,True
medical_v2b8_example_001_contradicted,medical_v2b8_context_001,medical,contradicted,3,assistant_draft_high,all_correct,Anafilaksi kendiliğinden geçmesi beklenen hafif bir durumdur. Adrenalin uygulaması ve acil tıbbi değerlendirme gereksizdir.,contradicted,True,contradicted,True
medical_v2b8_example_002_supported,medical_v2b8_context_002,medical,supported,3,assistant_draft_high,only_mDeBERTa-v3-base 2mil7_correct,Glokom uzun süre belirti vermeden ilerleyebilir. Görme alanı ve optik sinir incelemeleri erken hasarın saptanmasına yardımcı olur.,supported,True,unverifiable,False
medical_v2b8_example_004_partially_supported,medical_v2b8_context_004,medical,partially_supported,3,approved,all_correct,Çocuğu yan çevirmek ve 112’yi aramak uygun yaklaşımdır. Nöbet sırasında öksürük şurubu verilmesi kasılmayı hızla durdurur.,partially_supported,True,partially_supported,True
medical_v2b8_example_004_supported,medical_v2b8_context_004,medical,supported,4,approved,all_wrong,Nöbet geçiren çocuk yumuşak bir zemine yatırılıp yan çevrilmeli. Kolları tutulmamalı ve ağzına cisim sokulmamalıdır.,partially_supported,False,partially_supported,False
medical_v2b8_example_004_unverifiable,medical_v2b8_context_004,medical,unverifiable,2,assistant_draft_high,all_correct,Ateşli havale geçiren bütün çocuklara acil serviste zorunlu beyin MR’ı çekilir ve yirmi dört saat yatış uygulanır.,unverifiable,True,unverifiable,True
medical_v2b8_example_005_contradicted,medical_v2b8_context_005,medical,contradicted,2,assistant_draft_high,all_correct,Uyuz yalnız hava yoluyla kısa mesafede bulaşır. Yakın temaslıların belirti gelişmeden tedavi edilmesine gerek yoktur.,contradicted,True,contradicted,True
medical_v2b8_example_005_unverifiable,medical_v2b8_context_005,medical,unverifiable,2,assistant_draft_high,only_XLM-R-large XNLI_correct,Uyuz tanısı konan kişilerin temaslıları merkezi bir sistemde kaydedilir. İlaçlar her haneye aynı gün ücretsiz kurye ile gönderilir.,partially_supported,False,unverifiable,True
