example_id,source_example_id,domain,gold_label,pred_label,is_correct,pipeline_status,n_atoms,json_valid,atom_count_correct
tfb_ex_0001,tfb_ex_0001,finance,supported,supported,True,scored,2,True,True
tfb_ex_0002,tfb_ex_0002,finance,partially_supported,partially_supported,True,scored,2,True,True
tfb_ex_0003,tfb_ex_0003,finance,contradicted,contradicted,True,scored,2,True,True
tfb_ex_0004,tfb_ex_0004,finance,unverifiable,unverifiable,True,scored,2,True,True
tfb_ex_0005,tfb_ex_0005,finance,supported,supported,True,scored,3,True,True
tfb_ex_0006,tfb_ex_0006,finance,partially_supported,unverifiable,False,scored,1,True,True
tfb_ex_0007,tfb_ex_0007,finance,contradicted,partially_supported,False,scored,2,True,True
tfb_ex_0008,tfb_ex_0008,finance,unverifiable,unverifiable,True,scored,2,True,True
tfb_ex_0009,tfb_ex_0009,finance,supported,supported,True,scored,2,True,True
tfb_ex_0010,tfb_ex_0010,finance,partially_supported,unverifiable,False,scored,1,True,True
tfb_ex_0011,tfb_ex_0011,finance,contradicted,contradicted,True,scored,1,True,True
tfb_ex_0012,tfb_ex_0012,finance,unverifiable,unverifiable,True,scored,1,True,True
tfb_ex_0013,tfb_ex_0013,finance,supported,supported,True,scored,2,True,True
tfb_ex_0014,tfb_ex_0014,finance,partially_supported,partially_supported,True,scored,2,True,True
tfb_ex_0015,tfb_ex_0015,finance,contradicted,contradicted,True,scored,1,True,True
tfb_ex_0016,tfb_ex_0016,finance,unverifiable,contradicted,False,scored,3,True,True
tfb_ex_0017,tfb_ex_0017,finance,supported,supported,True,scored,3,True,True
tfb_ex_0018,tfb_ex_0018,finance,partially_supported,partially_supported,True,scored,3,True,True
tfb_ex_0019,tfb_ex_0019,finance,contradicted,supported,False,scored,2,True,True
tfb_ex_0020,tfb_ex_0020,finance,unverifiable,partially_supported,False,scored,2,True,True
tfb_ex_0021,tfb_ex_0021,finance,supported,supported,True,scored,1,True,True
tfb_ex_0022,tfb_ex_0022,finance,partially_supported,supported,False,scored,2,True,True
tfb_ex_0023,tfb_ex_0023,finance,contradicted,contradicted,True,scored,2,True,True
tfb_ex_0024,tfb_ex_0024,finance,unverifiable,unverifiable,True,scored,1,True,True
tfb_ex_0025,tfb_ex_0025,finance,supported,supported,True,scored,2,True,True
tfb_ex_0026,tfb_ex_0026,finance,partially_supported,partially_supported,True,scored,2,True,True
tfb_ex_0027,tfb_ex_0027,finance,contradicted,partially_supported,False,scored,2,True,True
tfb_ex_0028,tfb_ex_0028,finance,unverifiable,unverifiable,True,scored,2,True,True
tfb_ex_0029,tfb_ex_0029,finance,supported,supported,True,scored,2,True,True
tfb_ex_0030,tfb_ex_0030,finance,partially_supported,partially_supported,True,scored,2,True,True
tfb_ex_0031,tfb_ex_0031,finance,contradicted,contradicted,True,scored,2,True,True
tfb_ex_0032,tfb_ex_0032,finance,unverifiable,unverifiable,True,scored,3,True,True
tfb_ex_0033,tfb_ex_0033,finance,supported,supported,True,scored,3,True,True
tfb_ex_0034,tfb_ex_0034,finance,partially_supported,partially_supported,True,scored,2,True,True
tfb_ex_0035,tfb_ex_0035,finance,contradicted,partially_supported,False,scored,3,True,True
tfb_ex_0036,tfb_ex_0036,finance,unverifiable,unverifiable,True,scored,1,True,True
tfb_ex_0037,tfb_ex_0037,finance,supported,supported,True,scored,2,True,True
tfb_ex_0038,tfb_ex_0038,finance,partially_supported,partially_supported,True,scored,2,True,True
tfb_ex_0039,tfb_ex_0039,finance,contradicted,contradicted,True,scored,2,True,True
tfb_ex_0040,tfb_ex_0040,finance,unverifiable,partially_supported,False,scored,2,True,True
tfb_ex_0041,tfb_ex_0041,finance,supported,supported,True,scored,3,True,True
tfb_ex_0042,tfb_ex_0042,finance,partially_supported,partially_supported,True,scored,2,True,True
tfb_ex_0043,tfb_ex_0043,finance,contradicted,contradicted,True,scored,2,True,True
tfb_ex_0044,tfb_ex_0044,finance,unverifiable,contradicted,False,scored,2,True,True
tfb_ex_0045,tfb_ex_0045,finance,supported,supported,True,scored,2,True,True
tfb_ex_0046,tfb_ex_0046,finance,partially_supported,partially_supported,True,scored,3,True,True
tfb_ex_0047,tfb_ex_0047,finance,contradicted,contradicted,True,scored,2,True,True
tfb_ex_0048,tfb_ex_0048,finance,unverifiable,partially_supported,False,scored,2,True,True
tfb_ex_0049,tfb_ex_0049,finance,supported,supported,True,scored,2,True,True
tfb_ex_0050,tfb_ex_0050,finance,partially_supported,partially_supported,True,scored,2,True,True
tfb_ex_0051,tfb_ex_0051,finance,contradicted,contradicted,True,scored,2,True,True
tfb_ex_0052,tfb_ex_0052,finance,unverifiable,unverifiable,True,scored,2,True,True
tfb_ex_0053,tfb_ex_0053,finance,supported,supported,True,scored,2,True,True
tfb_ex_0054,tfb_ex_0054,finance,partially_supported,partially_supported,True,scored,3,True,True
tfb_ex_0055,tfb_ex_0055,finance,contradicted,contradicted,True,scored,2,True,True
tfb_ex_0056,tfb_ex_0056,finance,unverifiable,unverifiable,True,scored,2,True,True
tfb_ex_0057,tfb_ex_0057,finance,supported,supported,True,scored,2,True,True
tfb_ex_0058,tfb_ex_0058,finance,partially_supported,partially_supported,True,scored,2,True,True
tfb_ex_0059,tfb_ex_0059,finance,contradicted,contradicted,True,scored,2,True,True
tfb_ex_0060,tfb_ex_0060,finance,unverifiable,supported,False,scored,2,True,True
tfb_ex_0061,tfb_ex_0061,finance,supported,supported,True,scored,2,True,True
tfb_ex_0062,tfb_ex_0062,finance,partially_supported,partially_supported,True,scored,2,True,True
tfb_ex_0063,tfb_ex_0063,finance,contradicted,contradicted,True,scored,2,True,True
tfb_ex_0064,tfb_ex_0064,finance,unverifiable,unverifiable,True,scored,2,True,True
tfb_ex_0065,tfb_ex_0065,finance,supported,supported,True,scored,2,True,True
tfb_ex_0066,tfb_ex_0066,finance,partially_supported,partially_supported,True,scored,2,True,True
tfb_ex_0067,tfb_ex_0067,finance,contradicted,contradicted,True,scored,2,True,True
tfb_ex_0068,tfb_ex_0068,finance,unverifiable,unverifiable,True,scored,2,True,True
tfb_ex_0069,tfb_ex_0069,finance,supported,supported,True,scored,2,True,True
tfb_ex_0070,tfb_ex_0070,finance,partially_supported,partially_supported,True,scored,2,True,True
tfb_ex_0071,tfb_ex_0071,finance,contradicted,contradicted,True,scored,2,True,True
tfb_ex_0072,tfb_ex_0072,finance,unverifiable,unverifiable,True,scored,2,True,True
tfb_ex_0073,tfb_ex_0073,finance,supported,supported,True,scored,1,True,True
tfb_ex_0074,tfb_ex_0074,finance,partially_supported,partially_supported,True,scored,2,True,True
tfb_ex_0075,tfb_ex_0075,finance,contradicted,contradicted,True,scored,2,True,True
tfb_ex_0076,tfb_ex_0076,finance,unverifiable,unverifiable,True,scored,3,True,True
tfb_ex_0077,tfb_ex_0077,finance,supported,supported,True,scored,3,True,True
tfb_ex_0078,tfb_ex_0078,finance,partially_supported,partially_supported,True,scored,2,True,True
tfb_ex_0079,tfb_ex_0079,finance,contradicted,partially_supported,False,scored,2,True,True
tfb_ex_0080,tfb_ex_0080,finance,unverifiable,contradicted,False,scored,3,True,True
tfb_ex_0081,tfb_ex_0081,finance,supported,supported,True,scored,2,True,True
tfb_ex_0082,tfb_ex_0082,finance,partially_supported,partially_supported,True,scored,2,True,True
tfb_ex_0083,tfb_ex_0083,finance,contradicted,contradicted,True,scored,2,True,True
tfb_ex_0084,tfb_ex_0084,finance,unverifiable,unverifiable,True,scored,2,True,True
tfb_ex_0085,tfb_ex_0085,finance,supported,supported,True,scored,2,True,True
tfb_ex_0086,tfb_ex_0086,finance,partially_supported,partially_supported,True,scored,2,True,True
tfb_ex_0087,tfb_ex_0087,finance,contradicted,contradicted,True,scored,2,True,True
tfb_ex_0088,tfb_ex_0088,finance,unverifiable,unverifiable,True,scored,2,True,True
tfb_ex_0089,tfb_ex_0089,finance,supported,supported,True,scored,3,True,True
tfb_ex_0090,tfb_ex_0090,finance,partially_supported,partially_supported,True,scored,2,True,True
tfb_ex_0091,tfb_ex_0091,finance,contradicted,partially_supported,False,scored,2,True,True
tfb_ex_0092,tfb_ex_0092,finance,unverifiable,unverifiable,True,scored,1,True,True
tfb_ex_0093,tfb_ex_0093,finance,supported,partially_supported,False,scored,2,True,True
tfb_ex_0094,tfb_ex_0094,finance,partially_supported,partially_supported,True,scored,2,True,True
tfb_ex_0095,tfb_ex_0095,finance,contradicted,contradicted,True,scored,2,True,True
tfb_ex_0096,tfb_ex_0096,finance,unverifiable,partially_supported,False,scored,2,True,True
tfb_ex_0097,tfb_ex_0097,finance,supported,supported,True,scored,2,True,True
tfb_ex_0098,tfb_ex_0098,finance,partially_supported,partially_supported,True,scored,2,True,True
tfb_ex_0099,tfb_ex_0099,finance,contradicted,contradicted,True,scored,2,True,True
tfb_ex_0100,tfb_ex_0100,finance,unverifiable,unverifiable,True,scored,2,True,True
tfb_ex_0101,tfb_ex_0101,finance,supported,supported,True,scored,1,True,True
tfb_ex_0102,tfb_ex_0102,finance,partially_supported,partially_supported,True,scored,3,True,True
tfb_ex_0103,tfb_ex_0103,finance,contradicted,contradicted,True,scored,2,True,True
tfb_ex_0104,tfb_ex_0104,finance,unverifiable,partially_supported,False,scored,2,True,True
tfb_ex_0105,tfb_ex_0105,finance,supported,supported,True,scored,2,True,True
tfb_ex_0106,tfb_ex_0106,finance,partially_supported,partially_supported,True,scored,3,True,True
tfb_ex_0107,tfb_ex_0107,finance,contradicted,contradicted,True,scored,2,True,True
tfb_ex_0108,tfb_ex_0108,finance,unverifiable,unverifiable,True,scored,2,True,True
tfb_ex_0109,tfb_ex_0109,finance,supported,supported,True,scored,2,True,True
tfb_ex_0110,tfb_ex_0110,finance,partially_supported,partially_supported,True,scored,3,True,True
tfb_ex_0111,tfb_ex_0111,finance,contradicted,contradicted,True,scored,2,True,True
tfb_ex_0112,tfb_ex_0112,finance,unverifiable,supported,False,scored,2,True,True
tfb_ex_0113,tfb_ex_0113,finance,supported,supported,True,scored,2,True,True
tfb_ex_0114,tfb_ex_0114,finance,partially_supported,partially_supported,True,scored,2,True,True
tfb_ex_0115,tfb_ex_0115,finance,contradicted,partially_supported,False,scored,3,True,True
tfb_ex_0116,tfb_ex_0116,finance,unverifiable,unverifiable,True,scored,3,True,True
tfb_ex_0117,tfb_ex_0117,finance,supported,supported,True,scored,3,True,True
tfb_ex_0118,tfb_ex_0118,finance,partially_supported,partially_supported,True,scored,3,True,True
tfb_ex_0119,tfb_ex_0119,finance,contradicted,contradicted,True,scored,2,True,True
tfb_ex_0120,tfb_ex_0120,finance,unverifiable,contradicted,False,scored,2,True,True
tfb_ex_0121,tfb_ex_0121,finance,supported,supported,True,scored,2,True,True
tfb_ex_0122,tfb_ex_0122,finance,partially_supported,partially_supported,True,scored,2,True,True
tfb_ex_0123,tfb_ex_0123,finance,contradicted,contradicted,True,scored,2,True,True
tfb_ex_0124,tfb_ex_0124,finance,unverifiable,unverifiable,True,scored,1,True,True
tfb_ex_0125,tfb_ex_0125,finance,supported,supported,True,scored,2,True,True
tfb_ex_0126,tfb_ex_0126,finance,partially_supported,partially_supported,True,scored,2,True,True
tfb_ex_0127,tfb_ex_0127,finance,contradicted,contradicted,True,scored,2,True,True
tfb_ex_0128,tfb_ex_0128,finance,unverifiable,contradicted,False,scored,2,True,True
tfb_ex_0129,tfb_ex_0129,finance,supported,supported,True,scored,1,True,True
tfb_ex_0130,tfb_ex_0130,finance,partially_supported,partially_supported,True,scored,2,True,True
tfb_ex_0131,tfb_ex_0131,finance,contradicted,contradicted,True,scored,2,True,True
tfb_ex_0132,tfb_ex_0132,finance,unverifiable,unverifiable,True,scored,2,True,True
tfb_ex_0133,tfb_ex_0133,finance,supported,supported,True,scored,1,True,True
tfb_ex_0134,tfb_ex_0134,finance,contradicted,supported,False,scored,1,True,True
tfb_ex_0135,tfb_ex_0135,finance,contradicted,contradicted,True,scored,2,True,True
tfb_ex_0136,tfb_ex_0136,finance,unverifiable,unverifiable,True,scored,1,True,True
tfb_ex_0137,tfb_ex_0137,finance,supported,supported,True,scored,2,True,True
tfb_ex_0138,tfb_ex_0138,finance,partially_supported,partially_supported,True,scored,2,True,True
tfb_ex_0139,tfb_ex_0139,finance,contradicted,contradicted,True,scored,2,True,True
tfb_ex_0140,tfb_ex_0140,finance,unverifiable,unverifiable,True,scored,2,True,True
tfb_ex_0141,tfb_ex_0141,finance,supported,supported,True,scored,3,True,True
tfb_ex_0142,tfb_ex_0142,finance,partially_supported,partially_supported,True,scored,3,True,True
tfb_ex_0143,tfb_ex_0143,finance,contradicted,contradicted,True,scored,3,True,True
tfb_ex_0144,tfb_ex_0144,finance,unverifiable,unverifiable,True,scored,3,True,True
tfb_ex_0145,tfb_ex_0145,finance,supported,supported,True,scored,1,True,True
tfb_ex_0146,tfb_ex_0146,finance,partially_supported,partially_supported,True,scored,2,True,True
tfb_ex_0147,tfb_ex_0147,finance,contradicted,contradicted,True,scored,2,True,True
tfb_ex_0148,tfb_ex_0148,finance,unverifiable,unverifiable,True,scored,2,True,True
tfb_ex_0149,tfb_ex_0149,finance,supported,supported,True,scored,2,True,True
tfb_ex_0150,tfb_ex_0150,finance,partially_supported,partially_supported,True,scored,3,True,True
tfb_ex_0151,tfb_ex_0151,finance,contradicted,contradicted,True,scored,2,True,True
tfb_ex_0152,tfb_ex_0152,finance,unverifiable,unverifiable,True,scored,2,True,True
tfb_ex_0153,tfb_ex_0153,finance,supported,supported,True,scored,2,True,True
tfb_ex_0154,tfb_ex_0154,finance,partially_supported,partially_supported,True,scored,2,True,True
tfb_ex_0155,tfb_ex_0155,finance,contradicted,contradicted,True,scored,2,True,True
tfb_ex_0156,tfb_ex_0156,finance,unverifiable,unverifiable,True,scored,3,True,True
tfb_ex_0157,tfb_ex_0157,finance,supported,supported,True,scored,2,True,True
tfb_ex_0158,tfb_ex_0158,finance,partially_supported,contradicted,False,scored,2,True,True
tfb_ex_0159,tfb_ex_0159,finance,contradicted,contradicted,True,scored,2,True,True
tfb_ex_0160,tfb_ex_0160,finance,unverifiable,contradicted,False,scored,2,True,True
tfb_ex_0161,tfb_ex_0161,legal,supported,supported,True,scored,3,True,True
tfb_ex_0162,tfb_ex_0162,legal,partially_supported,partially_supported,True,scored,2,True,True
tfb_ex_0163,tfb_ex_0163,legal,contradicted,contradicted,True,scored,1,True,True
tfb_ex_0164,tfb_ex_0164,legal,unverifiable,unverifiable,True,scored,2,True,True
tfb_ex_0165,tfb_ex_0165,legal,supported,unverifiable,False,scored,1,True,True
tfb_ex_0166,tfb_ex_0166,legal,partially_supported,partially_supported,True,scored,2,True,True
tfb_ex_0167,tfb_ex_0167,legal,contradicted,contradicted,True,scored,2,True,True
tfb_ex_0168,tfb_ex_0168,legal,unverifiable,unverifiable,True,scored,2,True,True
tfb_ex_0169,tfb_ex_0169,legal,supported,supported,True,scored,2,True,True
tfb_ex_0170,tfb_ex_0170,legal,partially_supported,partially_supported,True,scored,2,True,True
tfb_ex_0171,tfb_ex_0171,legal,contradicted,contradicted,True,scored,2,True,True
tfb_ex_0172,tfb_ex_0172,legal,unverifiable,unverifiable,True,scored,2,True,True
tfb_ex_0173,tfb_ex_0173,legal,supported,partially_supported,False,scored,2,True,True
tfb_ex_0174,tfb_ex_0174,legal,partially_supported,partially_supported,True,scored,2,True,True
tfb_ex_0175,tfb_ex_0175,legal,contradicted,partially_supported,False,scored,2,True,True
tfb_ex_0176,tfb_ex_0176,legal,unverifiable,unverifiable,True,scored,2,True,True
tfb_ex_0177,tfb_ex_0177,legal,supported,supported,True,scored,3,True,True
tfb_ex_0178,tfb_ex_0178,legal,partially_supported,supported,False,scored,2,True,True
tfb_ex_0179,tfb_ex_0179,legal,contradicted,contradicted,True,scored,2,True,True
tfb_ex_0180,tfb_ex_0180,legal,unverifiable,unverifiable,True,scored,2,True,True
tfb_ex_0181,tfb_ex_0181,legal,supported,supported,True,scored,3,True,True
tfb_ex_0182,tfb_ex_0182,legal,partially_supported,supported,False,scored,2,True,True
tfb_ex_0183,tfb_ex_0183,legal,contradicted,contradicted,True,scored,2,True,True
tfb_ex_0184,tfb_ex_0184,legal,unverifiable,contradicted,False,scored,2,True,True
tfb_ex_0185,tfb_ex_0185,legal,supported,supported,True,scored,2,True,True
tfb_ex_0186,tfb_ex_0186,legal,partially_supported,partially_supported,True,scored,2,True,True
tfb_ex_0187,tfb_ex_0187,legal,contradicted,contradicted,True,scored,2,True,True
tfb_ex_0188,tfb_ex_0188,legal,unverifiable,unverifiable,True,scored,2,True,True
tfb_ex_0189,tfb_ex_0189,legal,supported,supported,True,scored,3,True,True
tfb_ex_0190,tfb_ex_0190,legal,partially_supported,supported,False,scored,2,True,True
tfb_ex_0191,tfb_ex_0191,legal,contradicted,supported,False,scored,2,True,True
tfb_ex_0192,tfb_ex_0192,legal,unverifiable,unverifiable,True,scored,2,True,True
tfb_ex_0193,tfb_ex_0193,legal,supported,supported,True,scored,2,True,True
tfb_ex_0194,tfb_ex_0194,legal,partially_supported,partially_supported,True,scored,2,True,True
tfb_ex_0195,tfb_ex_0195,legal,contradicted,partially_supported,False,scored,2,True,True
tfb_ex_0196,tfb_ex_0196,legal,unverifiable,unverifiable,True,scored,1,True,True
tfb_ex_0197,tfb_ex_0197,legal,supported,supported,True,scored,3,True,True
tfb_ex_0198,tfb_ex_0198,legal,partially_supported,partially_supported,True,scored,3,True,True
tfb_ex_0199,tfb_ex_0199,legal,contradicted,contradicted,True,scored,2,True,True
tfb_ex_0200,tfb_ex_0200,legal,unverifiable,unverifiable,True,scored,2,True,True
tfb_ex_0201,tfb_ex_0201,legal,supported,supported,True,scored,2,True,True
tfb_ex_0202,tfb_ex_0202,legal,partially_supported,supported,False,scored,2,True,True
tfb_ex_0203,tfb_ex_0203,legal,contradicted,supported,False,scored,2,True,True
tfb_ex_0204,tfb_ex_0204,legal,unverifiable,unverifiable,True,scored,2,True,True
tfb_ex_0205,tfb_ex_0205,legal,supported,supported,True,scored,3,True,True
tfb_ex_0206,tfb_ex_0206,legal,partially_supported,partially_supported,True,scored,2,True,True
tfb_ex_0207,tfb_ex_0207,legal,contradicted,supported,False,scored,2,True,True
tfb_ex_0208,tfb_ex_0208,legal,unverifiable,unverifiable,True,scored,1,True,True
tfb_ex_0209,tfb_ex_0209,legal,supported,supported,True,scored,2,True,True
tfb_ex_0210,tfb_ex_0210,legal,partially_supported,supported,False,scored,2,True,True
tfb_ex_0211,tfb_ex_0211,legal,contradicted,unverifiable,False,scored,2,True,True
tfb_ex_0212,tfb_ex_0212,legal,unverifiable,unverifiable,True,scored,2,True,True
tfb_ex_0213,tfb_ex_0213,legal,supported,supported,True,scored,3,True,True
tfb_ex_0214,tfb_ex_0214,legal,partially_supported,partially_supported,True,scored,3,True,True
tfb_ex_0215,tfb_ex_0215,legal,contradicted,contradicted,True,scored,2,True,True
tfb_ex_0216,tfb_ex_0216,legal,unverifiable,partially_supported,False,scored,2,True,True
tfb_ex_0217,tfb_ex_0217,legal,supported,supported,True,scored,2,True,True
tfb_ex_0218,tfb_ex_0218,legal,partially_supported,partially_supported,True,scored,2,True,True
tfb_ex_0219,tfb_ex_0219,legal,contradicted,contradicted,True,scored,2,True,True
tfb_ex_0220,tfb_ex_0220,legal,unverifiable,unverifiable,True,scored,2,True,True
tfb_ex_0221,tfb_ex_0221,legal,supported,supported,True,scored,3,True,True
tfb_ex_0222,tfb_ex_0222,legal,partially_supported,partially_supported,True,scored,2,True,True
tfb_ex_0223,tfb_ex_0223,legal,contradicted,contradicted,True,scored,2,True,True
tfb_ex_0224,tfb_ex_0224,legal,unverifiable,supported,False,scored,2,True,True
tfb_ex_0225,tfb_ex_0225,legal,supported,supported,True,scored,2,True,True
tfb_ex_0226,tfb_ex_0226,legal,partially_supported,partially_supported,True,scored,2,True,True
tfb_ex_0227,tfb_ex_0227,legal,contradicted,partially_supported,False,scored,2,True,True
tfb_ex_0228,tfb_ex_0228,legal,unverifiable,unverifiable,True,scored,2,True,True
tfb_ex_0229,tfb_ex_0229,legal,supported,partially_supported,False,scored,3,True,True
tfb_ex_0230,tfb_ex_0230,legal,partially_supported,partially_supported,True,scored,3,True,True
tfb_ex_0231,tfb_ex_0231,legal,contradicted,contradicted,True,scored,2,True,True
tfb_ex_0232,tfb_ex_0232,legal,unverifiable,contradicted,False,scored,2,True,True
tfb_ex_0233,tfb_ex_0233,legal,supported,supported,True,scored,2,True,True
tfb_ex_0234,tfb_ex_0234,legal,partially_supported,supported,False,scored,2,True,True
tfb_ex_0235,tfb_ex_0235,legal,contradicted,contradicted,True,scored,2,True,True
tfb_ex_0236,tfb_ex_0236,legal,unverifiable,unverifiable,True,scored,2,True,True
tfb_ex_0237,tfb_ex_0237,legal,supported,supported,True,scored,3,True,True
tfb_ex_0238,tfb_ex_0238,legal,partially_supported,partially_supported,True,scored,2,True,True
tfb_ex_0239,tfb_ex_0239,legal,contradicted,partially_supported,False,scored,2,True,True
tfb_ex_0240,tfb_ex_0240,legal,unverifiable,supported,False,scored,2,True,True
tfb_ex_0241,tfb_ex_0241,legal,supported,supported,True,scored,2,True,True
tfb_ex_0242,tfb_ex_0242,legal,partially_supported,partially_supported,True,scored,2,True,True
tfb_ex_0243,tfb_ex_0243,legal,contradicted,contradicted,True,scored,2,True,True
tfb_ex_0244,tfb_ex_0244,legal,unverifiable,unverifiable,True,scored,2,True,True
tfb_ex_0245,tfb_ex_0245,legal,supported,partially_supported,False,scored,2,True,True
tfb_ex_0246,tfb_ex_0246,legal,partially_supported,partially_supported,True,scored,2,True,True
tfb_ex_0247,tfb_ex_0247,legal,contradicted,contradicted,True,scored,2,True,True
tfb_ex_0248,tfb_ex_0248,legal,unverifiable,unverifiable,True,scored,2,True,True
tfb_ex_0249,tfb_ex_0249,legal,supported,unverifiable,False,scored,2,True,True
tfb_ex_0250,tfb_ex_0250,legal,partially_supported,contradicted,False,scored,2,True,True
tfb_ex_0251,tfb_ex_0251,legal,contradicted,contradicted,True,scored,2,True,True
tfb_ex_0252,tfb_ex_0252,legal,unverifiable,contradicted,False,scored,2,True,True
tfb_ex_0253,tfb_ex_0253,legal,supported,partially_supported,False,scored,2,True,True
tfb_ex_0254,tfb_ex_0254,legal,partially_supported,partially_supported,True,scored,2,True,True
tfb_ex_0255,tfb_ex_0255,legal,contradicted,partially_supported,False,scored,2,True,True
tfb_ex_0256,tfb_ex_0256,legal,unverifiable,unverifiable,True,scored,2,True,True
tfb_ex_0257,tfb_ex_0257,legal,supported,supported,True,scored,1,True,True
tfb_ex_0258,tfb_ex_0258,legal,partially_supported,partially_supported,True,scored,3,True,True
tfb_ex_0259,tfb_ex_0259,legal,contradicted,contradicted,True,scored,2,True,True
tfb_ex_0260,tfb_ex_0260,legal,unverifiable,unverifiable,True,scored,2,True,True
tfb_ex_0261,tfb_ex_0261,legal,supported,supported,True,scored,2,True,True
tfb_ex_0262,tfb_ex_0262,legal,partially_supported,partially_supported,True,scored,2,True,True
tfb_ex_0263,tfb_ex_0263,legal,contradicted,contradicted,True,scored,1,True,True
tfb_ex_0264,tfb_ex_0264,legal,unverifiable,unverifiable,True,scored,1,True,True
tfb_ex_0265,tfb_ex_0265,legal,supported,supported,True,scored,2,True,True
tfb_ex_0266,tfb_ex_0266,legal,partially_supported,supported,False,scored,2,True,True
tfb_ex_0267,tfb_ex_0267,legal,contradicted,contradicted,True,scored,1,True,True
tfb_ex_0268,tfb_ex_0268,legal,unverifiable,unverifiable,True,scored,1,True,True
tfb_ex_0269,tfb_ex_0269,legal,supported,supported,True,scored,2,True,True
tfb_ex_0270,tfb_ex_0270,legal,partially_supported,partially_supported,True,scored,3,True,True
tfb_ex_0271,tfb_ex_0271,legal,contradicted,contradicted,True,scored,2,True,True
tfb_ex_0272,tfb_ex_0272,legal,unverifiable,partially_supported,False,scored,2,True,True
tfb_ex_0273,tfb_ex_0273,legal,supported,supported,True,scored,2,True,True
tfb_ex_0274,tfb_ex_0274,legal,partially_supported,supported,False,scored,2,True,True
tfb_ex_0275,tfb_ex_0275,legal,contradicted,contradicted,True,scored,2,True,True
tfb_ex_0276,tfb_ex_0276,legal,unverifiable,unverifiable,True,scored,1,True,True
tfb_ex_0277,tfb_ex_0277,legal,supported,supported,True,scored,3,True,True
tfb_ex_0278,tfb_ex_0278,legal,partially_supported,supported,False,scored,2,True,True
tfb_ex_0279,tfb_ex_0279,legal,contradicted,contradicted,True,scored,2,True,True
tfb_ex_0280,tfb_ex_0280,legal,unverifiable,unverifiable,True,scored,3,True,True
tfb_ex_0281,tfb_ex_0281,legal,supported,supported,True,scored,2,True,True
tfb_ex_0282,tfb_ex_0282,legal,partially_supported,partially_supported,True,scored,2,True,True
tfb_ex_0283,tfb_ex_0283,legal,contradicted,contradicted,True,scored,2,True,True
tfb_ex_0284,tfb_ex_0284,legal,unverifiable,unverifiable,True,scored,2,True,True
tfb_ex_0285,tfb_ex_0285,legal,supported,supported,True,scored,2,True,True
tfb_ex_0286,tfb_ex_0286,legal,partially_supported,supported,False,scored,2,True,True
tfb_ex_0287,tfb_ex_0287,legal,contradicted,contradicted,True,scored,2,True,True
tfb_ex_0288,tfb_ex_0288,legal,unverifiable,unverifiable,True,scored,2,True,True
tfb_ex_0289,tfb_ex_0289,legal,supported,supported,True,scored,2,True,True
tfb_ex_0290,tfb_ex_0290,legal,partially_supported,supported,False,scored,3,True,True
tfb_ex_0291,tfb_ex_0291,legal,contradicted,contradicted,True,scored,2,True,True
tfb_ex_0292,tfb_ex_0292,legal,unverifiable,unverifiable,True,scored,1,True,True
tfb_ex_0293,tfb_ex_0293,legal,supported,supported,True,scored,2,True,True
tfb_ex_0294,tfb_ex_0294,legal,partially_supported,partially_supported,True,scored,2,True,True
tfb_ex_0295,tfb_ex_0295,legal,contradicted,contradicted,True,scored,2,True,True
tfb_ex_0296,tfb_ex_0296,legal,unverifiable,unverifiable,True,scored,2,True,True
tfb_ex_0297,tfb_ex_0297,legal,supported,supported,True,scored,2,True,True
tfb_ex_0298,tfb_ex_0298,legal,partially_supported,partially_supported,True,scored,2,True,True
tfb_ex_0299,tfb_ex_0299,legal,contradicted,contradicted,True,scored,2,True,True
tfb_ex_0300,tfb_ex_0300,legal,unverifiable,unverifiable,True,scored,3,True,True
tfb_ex_0301,tfb_ex_0301,legal,supported,supported,True,scored,2,True,True
tfb_ex_0302,tfb_ex_0302,legal,partially_supported,partially_supported,True,scored,2,True,True
tfb_ex_0303,tfb_ex_0303,legal,contradicted,contradicted,True,scored,2,True,True
tfb_ex_0304,tfb_ex_0304,legal,unverifiable,unverifiable,True,scored,2,True,True
tfb_ex_0305,tfb_ex_0305,legal,supported,supported,True,scored,2,True,True
tfb_ex_0306,tfb_ex_0306,legal,partially_supported,partially_supported,True,scored,2,True,True
tfb_ex_0307,tfb_ex_0307,legal,contradicted,partially_supported,False,scored,2,True,True
tfb_ex_0308,tfb_ex_0308,legal,unverifiable,unverifiable,True,scored,2,True,True
tfb_ex_0309,tfb_ex_0309,legal,supported,supported,True,scored,2,True,True
tfb_ex_0310,tfb_ex_0310,legal,partially_supported,partially_supported,True,scored,2,True,True
tfb_ex_0311,tfb_ex_0311,legal,contradicted,contradicted,True,scored,2,True,True
tfb_ex_0312,tfb_ex_0312,legal,unverifiable,unverifiable,True,scored,2,True,True
tfb_ex_0313,tfb_ex_0313,legal,supported,supported,True,scored,2,True,True
tfb_ex_0314,tfb_ex_0314,legal,partially_supported,partially_supported,True,scored,2,True,True
tfb_ex_0315,tfb_ex_0315,legal,contradicted,partially_supported,False,scored,3,True,True
tfb_ex_0316,tfb_ex_0316,legal,unverifiable,unverifiable,True,scored,2,True,True
tfb_ex_0317,tfb_ex_0317,legal,supported,supported,True,scored,1,True,True
tfb_ex_0318,tfb_ex_0318,legal,partially_supported,supported,False,scored,2,True,True
tfb_ex_0319,tfb_ex_0319,legal,contradicted,contradicted,True,scored,2,True,True
tfb_ex_0320,tfb_ex_0320,legal,unverifiable,unverifiable,True,scored,3,True,True
tfb_ex_0321,tfb_ex_0321,medical,supported,supported,True,scored,2,True,True
tfb_ex_0322,tfb_ex_0322,medical,partially_supported,supported,False,scored,2,True,True
tfb_ex_0323,tfb_ex_0323,medical,contradicted,partially_supported,False,scored,3,True,True
tfb_ex_0324,tfb_ex_0324,medical,unverifiable,contradicted,False,scored,2,True,True
tfb_ex_0325,tfb_ex_0325,medical,supported,partially_supported,False,scored,3,True,True
tfb_ex_0326,tfb_ex_0326,medical,partially_supported,supported,False,scored,2,True,True
tfb_ex_0327,tfb_ex_0327,medical,contradicted,contradicted,True,scored,2,True,True
tfb_ex_0328,tfb_ex_0328,medical,unverifiable,unverifiable,True,scored,1,True,True
tfb_ex_0329,tfb_ex_0329,medical,supported,supported,True,scored,2,True,True
tfb_ex_0330,tfb_ex_0330,medical,partially_supported,partially_supported,True,scored,3,True,True
tfb_ex_0331,tfb_ex_0331,medical,contradicted,contradicted,True,scored,2,True,True
tfb_ex_0332,tfb_ex_0332,medical,unverifiable,supported,False,scored,1,True,True
tfb_ex_0333,tfb_ex_0333,medical,supported,contradicted,False,scored,2,True,True
tfb_ex_0334,tfb_ex_0334,medical,partially_supported,partially_supported,True,scored,2,True,True
tfb_ex_0335,tfb_ex_0335,medical,contradicted,contradicted,True,scored,2,True,True
tfb_ex_0336,tfb_ex_0336,medical,unverifiable,partially_supported,False,scored,2,True,True
tfb_ex_0337,tfb_ex_0337,medical,supported,supported,True,scored,3,True,True
tfb_ex_0338,tfb_ex_0338,medical,partially_supported,partially_supported,True,scored,2,True,True
tfb_ex_0339,tfb_ex_0339,medical,contradicted,contradicted,True,scored,3,True,True
tfb_ex_0340,tfb_ex_0340,medical,unverifiable,partially_supported,False,scored,2,True,True
tfb_ex_0341,tfb_ex_0341,medical,supported,partially_supported,False,scored,2,True,True
tfb_ex_0342,tfb_ex_0342,medical,partially_supported,partially_supported,True,scored,3,True,True
tfb_ex_0343,tfb_ex_0343,medical,contradicted,contradicted,True,scored,2,True,True
tfb_ex_0344,tfb_ex_0344,medical,unverifiable,unverifiable,True,scored,2,True,True
tfb_ex_0345,tfb_ex_0345,medical,supported,supported,True,scored,3,True,True
tfb_ex_0346,tfb_ex_0346,medical,partially_supported,partially_supported,True,scored,2,True,True
tfb_ex_0347,tfb_ex_0347,medical,contradicted,contradicted,True,scored,1,True,True
tfb_ex_0348,tfb_ex_0348,medical,unverifiable,partially_supported,False,scored,2,True,True
tfb_ex_0349,tfb_ex_0349,medical,supported,supported,True,scored,3,True,True
tfb_ex_0350,tfb_ex_0350,medical,partially_supported,partially_supported,True,scored,3,True,True
tfb_ex_0351,tfb_ex_0351,medical,contradicted,contradicted,True,scored,2,True,True
tfb_ex_0352,tfb_ex_0352,medical,unverifiable,unverifiable,True,scored,1,True,True
tfb_ex_0353,tfb_ex_0353,medical,supported,supported,True,scored,1,True,True
tfb_ex_0354,tfb_ex_0354,medical,partially_supported,contradicted,False,scored,3,True,True
tfb_ex_0355,tfb_ex_0355,medical,contradicted,partially_supported,False,scored,3,True,True
tfb_ex_0356,tfb_ex_0356,medical,unverifiable,unverifiable,True,scored,2,True,True
tfb_ex_0357,tfb_ex_0357,medical,supported,supported,True,scored,2,True,True
tfb_ex_0358,tfb_ex_0358,medical,partially_supported,partially_supported,True,scored,2,True,True
tfb_ex_0359,tfb_ex_0359,medical,contradicted,contradicted,True,scored,2,True,True
tfb_ex_0360,tfb_ex_0360,medical,unverifiable,contradicted,False,scored,2,True,True
tfb_ex_0361,tfb_ex_0361,medical,supported,supported,True,scored,2,True,True
tfb_ex_0362,tfb_ex_0362,medical,partially_supported,partially_supported,True,scored,3,True,True
tfb_ex_0363,tfb_ex_0363,medical,contradicted,contradicted,True,scored,2,True,True
tfb_ex_0364,tfb_ex_0364,medical,unverifiable,partially_supported,False,scored,2,True,True
tfb_ex_0365,tfb_ex_0365,medical,supported,supported,True,scored,2,True,True
tfb_ex_0366,tfb_ex_0366,medical,partially_supported,partially_supported,True,scored,3,True,True
tfb_ex_0367,tfb_ex_0367,medical,contradicted,contradicted,True,scored,3,True,True
tfb_ex_0368,tfb_ex_0368,medical,unverifiable,contradicted,False,scored,2,True,True
tfb_ex_0369,tfb_ex_0369,medical,supported,supported,True,scored,2,True,True
tfb_ex_0370,tfb_ex_0370,medical,partially_supported,partially_supported,True,scored,2,True,True
tfb_ex_0371,tfb_ex_0371,medical,contradicted,contradicted,True,scored,3,True,True
tfb_ex_0372,tfb_ex_0372,medical,unverifiable,contradicted,False,scored,2,True,True
tfb_ex_0373,tfb_ex_0373,medical,supported,supported,True,scored,2,True,True
tfb_ex_0374,tfb_ex_0374,medical,partially_supported,supported,False,scored,2,True,True
tfb_ex_0375,tfb_ex_0375,medical,contradicted,contradicted,True,scored,3,True,True
tfb_ex_0376,tfb_ex_0376,medical,unverifiable,unverifiable,True,scored,2,True,True
tfb_ex_0377,tfb_ex_0377,medical,supported,supported,True,scored,2,True,True
tfb_ex_0378,tfb_ex_0378,medical,partially_supported,partially_supported,True,scored,2,True,True
tfb_ex_0379,tfb_ex_0379,medical,contradicted,contradicted,True,scored,1,True,True
tfb_ex_0380,tfb_ex_0380,medical,unverifiable,unverifiable,True,scored,2,True,True
tfb_ex_0381,tfb_ex_0381,medical,supported,partially_supported,False,scored,2,True,True
tfb_ex_0382,tfb_ex_0382,medical,partially_supported,contradicted,False,scored,2,True,True
tfb_ex_0383,tfb_ex_0383,medical,contradicted,contradicted,True,scored,2,True,True
tfb_ex_0384,tfb_ex_0384,medical,unverifiable,unverifiable,True,scored,1,True,True
tfb_ex_0385,tfb_ex_0385,medical,supported,partially_supported,False,scored,2,True,True
tfb_ex_0386,tfb_ex_0386,medical,partially_supported,partially_supported,True,scored,3,True,True
tfb_ex_0387,tfb_ex_0387,medical,contradicted,contradicted,True,scored,2,True,True
tfb_ex_0388,tfb_ex_0388,medical,unverifiable,contradicted,False,scored,2,True,True
tfb_ex_0389,tfb_ex_0389,medical,supported,supported,True,scored,1,True,True
tfb_ex_0390,tfb_ex_0390,medical,partially_supported,partially_supported,True,scored,2,True,True
tfb_ex_0391,tfb_ex_0391,medical,contradicted,contradicted,True,scored,2,True,True
tfb_ex_0392,tfb_ex_0392,medical,unverifiable,unverifiable,True,scored,2,True,True
tfb_ex_0393,tfb_ex_0393,medical,supported,partially_supported,False,scored,2,True,True
tfb_ex_0394,tfb_ex_0394,medical,partially_supported,supported,False,scored,3,True,True
tfb_ex_0395,tfb_ex_0395,medical,contradicted,contradicted,True,scored,2,True,True
tfb_ex_0396,tfb_ex_0396,medical,unverifiable,contradicted,False,scored,2,True,True
tfb_ex_0397,tfb_ex_0397,medical,supported,supported,True,scored,2,True,True
tfb_ex_0398,tfb_ex_0398,medical,partially_supported,partially_supported,True,scored,3,True,True
tfb_ex_0399,tfb_ex_0399,medical,contradicted,contradicted,True,scored,2,True,True
tfb_ex_0400,tfb_ex_0400,medical,unverifiable,supported,False,scored,1,True,True
tfb_ex_0401,tfb_ex_0401,medical,supported,supported,True,scored,1,True,True
tfb_ex_0402,tfb_ex_0402,medical,partially_supported,partially_supported,True,scored,2,True,True
tfb_ex_0403,tfb_ex_0403,medical,contradicted,contradicted,True,scored,2,True,True
tfb_ex_0404,tfb_ex_0404,medical,unverifiable,unverifiable,True,scored,2,True,True
tfb_ex_0405,tfb_ex_0405,medical,supported,partially_supported,False,scored,2,True,True
tfb_ex_0406,tfb_ex_0406,medical,partially_supported,supported,False,scored,1,True,True
tfb_ex_0407,tfb_ex_0407,medical,contradicted,contradicted,True,scored,2,True,True
tfb_ex_0408,tfb_ex_0408,medical,unverifiable,unverifiable,True,scored,2,True,True
tfb_ex_0409,tfb_ex_0409,medical,supported,supported,True,scored,2,True,True
tfb_ex_0410,tfb_ex_0410,medical,partially_supported,partially_supported,True,scored,3,True,True
tfb_ex_0411,tfb_ex_0411,medical,contradicted,contradicted,True,scored,2,True,True
tfb_ex_0412,tfb_ex_0412,medical,unverifiable,unverifiable,True,scored,2,True,True
tfb_ex_0413,tfb_ex_0413,medical,supported,supported,True,scored,3,True,True
tfb_ex_0414,tfb_ex_0414,medical,partially_supported,partially_supported,True,scored,2,True,True
tfb_ex_0415,tfb_ex_0415,medical,contradicted,contradicted,True,scored,3,True,True
tfb_ex_0416,tfb_ex_0416,medical,unverifiable,partially_supported,False,scored,2,True,True
tfb_ex_0417,tfb_ex_0417,medical,supported,supported,True,scored,1,True,True
tfb_ex_0418,tfb_ex_0418,medical,partially_supported,partially_supported,True,scored,3,True,True
tfb_ex_0419,tfb_ex_0419,medical,contradicted,contradicted,True,scored,2,True,True
tfb_ex_0420,tfb_ex_0420,medical,unverifiable,unverifiable,True,scored,3,True,True
tfb_ex_0421,tfb_ex_0421,medical,supported,supported,True,scored,2,True,True
tfb_ex_0422,tfb_ex_0422,medical,partially_supported,partially_supported,True,scored,2,True,True
tfb_ex_0423,tfb_ex_0423,medical,contradicted,partially_supported,False,scored,2,True,True
tfb_ex_0424,tfb_ex_0424,medical,unverifiable,contradicted,False,scored,3,True,True
tfb_ex_0425,tfb_ex_0425,medical,supported,supported,True,scored,2,True,True
tfb_ex_0426,tfb_ex_0426,medical,partially_supported,partially_supported,True,scored,3,True,True
tfb_ex_0427,tfb_ex_0427,medical,contradicted,contradicted,True,scored,2,True,True
tfb_ex_0428,tfb_ex_0428,medical,unverifiable,partially_supported,False,scored,3,True,True
tfb_ex_0429,tfb_ex_0429,medical,supported,supported,True,scored,2,True,True
tfb_ex_0430,tfb_ex_0430,medical,partially_supported,contradicted,False,scored,3,True,True
tfb_ex_0431,tfb_ex_0431,medical,contradicted,contradicted,True,scored,2,True,True
tfb_ex_0432,tfb_ex_0432,medical,unverifiable,contradicted,False,scored,2,True,True
tfb_ex_0433,tfb_ex_0433,medical,supported,unverifiable,False,scored,1,True,True
tfb_ex_0434,tfb_ex_0434,medical,partially_supported,partially_supported,True,scored,2,True,True
tfb_ex_0435,tfb_ex_0435,medical,contradicted,contradicted,True,scored,3,True,True
tfb_ex_0436,tfb_ex_0436,medical,unverifiable,unverifiable,True,scored,1,True,True
tfb_ex_0437,tfb_ex_0437,medical,supported,supported,True,scored,2,True,True
tfb_ex_0438,tfb_ex_0438,medical,partially_supported,partially_supported,True,scored,2,True,True
tfb_ex_0439,tfb_ex_0439,medical,contradicted,contradicted,True,scored,3,True,True
tfb_ex_0440,tfb_ex_0440,medical,unverifiable,unverifiable,True,scored,1,True,True
tfb_ex_0441,tfb_ex_0441,medical,supported,supported,True,scored,2,True,True
tfb_ex_0442,tfb_ex_0442,medical,partially_supported,partially_supported,True,scored,2,True,True
tfb_ex_0443,tfb_ex_0443,medical,contradicted,contradicted,True,scored,2,True,True
tfb_ex_0444,tfb_ex_0444,medical,unverifiable,unverifiable,True,scored,1,True,True
tfb_ex_0445,tfb_ex_0445,medical,supported,supported,True,scored,2,True,True
tfb_ex_0446,tfb_ex_0446,medical,partially_supported,partially_supported,True,scored,3,True,True
tfb_ex_0447,tfb_ex_0447,medical,contradicted,contradicted,True,scored,2,True,True
tfb_ex_0448,tfb_ex_0448,medical,unverifiable,unverifiable,True,scored,2,True,True
tfb_ex_0449,tfb_ex_0449,medical,supported,supported,True,scored,2,True,True
tfb_ex_0450,tfb_ex_0450,medical,partially_supported,partially_supported,True,scored,3,True,True
tfb_ex_0451,tfb_ex_0451,medical,contradicted,contradicted,True,scored,3,True,True
tfb_ex_0452,tfb_ex_0452,medical,unverifiable,partially_supported,False,scored,2,True,True
tfb_ex_0453,tfb_ex_0453,medical,supported,supported,True,scored,2,True,True
tfb_ex_0454,tfb_ex_0454,medical,partially_supported,partially_supported,True,scored,2,True,True
tfb_ex_0455,tfb_ex_0455,medical,contradicted,contradicted,True,scored,3,True,True
tfb_ex_0456,tfb_ex_0456,medical,unverifiable,unverifiable,True,scored,2,True,True
tfb_ex_0457,tfb_ex_0457,medical,supported,supported,True,scored,2,True,True
tfb_ex_0458,tfb_ex_0458,medical,partially_supported,partially_supported,True,scored,2,True,True
tfb_ex_0459,tfb_ex_0459,medical,contradicted,contradicted,True,scored,2,True,True
tfb_ex_0460,tfb_ex_0460,medical,unverifiable,unverifiable,True,scored,2,True,True
tfb_ex_0461,tfb_ex_0461,medical,supported,partially_supported,False,scored,2,True,True
tfb_ex_0462,tfb_ex_0462,medical,partially_supported,partially_supported,True,scored,2,True,True
tfb_ex_0463,tfb_ex_0463,medical,contradicted,partially_supported,False,scored,2,True,True
tfb_ex_0464,tfb_ex_0464,medical,unverifiable,unverifiable,True,scored,2,True,True
tfb_ex_0465,tfb_ex_0465,medical,supported,supported,True,scored,2,True,True
tfb_ex_0466,tfb_ex_0466,medical,partially_supported,partially_supported,True,scored,3,True,True
tfb_ex_0467,tfb_ex_0467,medical,contradicted,contradicted,True,scored,2,True,True
tfb_ex_0468,tfb_ex_0468,medical,unverifiable,contradicted,False,scored,1,True,True
tfb_ex_0469,tfb_ex_0469,medical,supported,supported,True,scored,2,True,True
tfb_ex_0470,tfb_ex_0470,medical,partially_supported,partially_supported,True,scored,3,True,True
tfb_ex_0471,tfb_ex_0471,medical,contradicted,contradicted,True,scored,2,True,True
tfb_ex_0472,tfb_ex_0472,medical,unverifiable,unverifiable,True,scored,2,True,True
tfb_ex_0473,tfb_ex_0473,medical,supported,partially_supported,False,scored,2,True,True
tfb_ex_0474,tfb_ex_0474,medical,partially_supported,partially_supported,True,scored,2,True,True
tfb_ex_0475,tfb_ex_0475,medical,contradicted,contradicted,True,scored,2,True,True
tfb_ex_0476,tfb_ex_0476,medical,unverifiable,partially_supported,False,scored,2,True,True
tfb_ex_0477,tfb_ex_0477,medical,supported,supported,True,scored,2,True,True
tfb_ex_0478,tfb_ex_0478,medical,partially_supported,partially_supported,True,scored,2,True,True
tfb_ex_0479,tfb_ex_0479,medical,contradicted,contradicted,True,scored,2,True,True
tfb_ex_0480,tfb_ex_0480,medical,unverifiable,unverifiable,True,scored,2,True,True
